[
  {
    "cip": 2216559,
    "INTITULE_CLIENT": "PHARMACIE ACTI-SUD",
    "MATRICE": "A",
    "GROUPEMENT": "ELSIE",
    "adresse": "Ctre Cial Leclerc",
    "cp": 85000,
    "VILLE": "LA ROCHE SUR YON",
    "PAYS": "France"
  },
  {
    "cip": 2260131,
    "INTITULE_CLIENT": "PHARMACIE DE SAINT MARC",
    "MATRICE": "A",
    "GROUPEMENT": "",
    "adresse": "9 CENTRE CIAL LE LION DE SAINT MARC",
    "cp": 22300,
    "VILLE": "LANNION",
    "PAYS": "France"
  },
  {
    "cip": 2127600,
    "INTITULE_CLIENT": "PHARMACIE DE L'EUROPE",
    "MATRICE": "A",
    "GROUPEMENT": "PROVIDOM",
    "adresse": "14 rue de l'Europe",
    "cp": 44240,
    "VILLE": "SUCE SUR ERDRE",
    "PAYS": "France"
  },
  {
    "cip": 2093996,
    "INTITULE_CLIENT": "PHARMACIE DE LA TOUR D'AUVERGNE",
    "MATRICE": "A",
    "GROUPEMENT": "",
    "adresse": "48 rue de la Tour d'Auvergne",
    "cp": 29400,
    "VILLE": "LANDIVISIAU",
    "PAYS": "France"
  },
  {
    "cip": 2128075,
    "INTITULE_CLIENT": "PHARMACIE VIV'ERDRE",
    "MATRICE": "A",
    "GROUPEMENT": "",
    "adresse": "ZAC de la Bérangerais",
    "cp": 44240,
    "VILLE": "LA CHAPELLE SUR ERDRE",
    "PAYS": "France"
  },
  {
    "cip": 2006192,
    "INTITULE_CLIENT": "PHARMACIE DES SIX VALLEES",
    "MATRICE": "A",
    "GROUPEMENT": "",
    "adresse": "81 Grande rue",
    "cp": 86370,
    "VILLE": "VIVONNE",
    "PAYS": "France"
  },
  {
    "cip": 2002997,
    "INTITULE_CLIENT": "PHARMACIE SAINTE ANNE",
    "MATRICE": "A",
    "GROUPEMENT": "APRIUM / PARISPHARMA",
    "adresse": "49 Boulevard Monsabert",
    "cp": 56000,
    "VILLE": "VANNES",
    "PAYS": "France"
  },
  {
    "cip": 2019179,
    "INTITULE_CLIENT": "PHARMACIE DE LA FORGE",
    "MATRICE": "A",
    "GROUPEMENT": "",
    "adresse": "Centre Commercial de la Forge",
    "cp": 35760,
    "VILLE": "SAINT GREGOIRE",
    "PAYS": "France"
  },
  {
    "cip": 2077178,
    "INTITULE_CLIENT": "PHARMACIE RICHEZ",
    "MATRICE": "A",
    "GROUPEMENT": "LAFAYETTE",
    "adresse": "Centre Commercial Auchan",
    "cp": 16400,
    "VILLE": "LA COURONNE",
    "PAYS": "France"
  },
  {
    "cip": 2009270,
    "INTITULE_CLIENT": "PHARMACIE DU PORT",
    "MATRICE": "A",
    "GROUPEMENT": "APRIUM / PARISPHARMA",
    "adresse": "10 Quartier de la Georgette",
    "cp": 17000,
    "VILLE": "LA ROCHELLE",
    "PAYS": "France"
  },
  {
    "cip": 2092704,
    "INTITULE_CLIENT": "PHARMACIE DE L'IROISE",
    "MATRICE": "A",
    "GROUPEMENT": "PHARMABEST",
    "adresse": "C.C Carrefour Iroise",
    "cp": 29200,
    "VILLE": "BREST",
    "PAYS": "France"
  },
  {
    "cip": 2005797,
    "INTITULE_CLIENT": "PHARMACIE SAINT NICOLAS",
    "MATRICE": "A",
    "GROUPEMENT": "",
    "adresse": "5 rue Massena",
    "cp": 53000,
    "VILLE": "LAVAL",
    "PAYS": "France"
  },
  {
    "cip": 2004412,
    "INTITULE_CLIENT": "PHARMACIE DE L'ESPLANANDE",
    "MATRICE": "A",
    "GROUPEMENT": "",
    "adresse": "5 Esplanade de la Gare",
    "cp": 56380,
    "VILLE": "GUER",
    "PAYS": "France"
  },
  {
    "cip": 2262076,
    "INTITULE_CLIENT": "PHARMACIE CHEMIN",
    "MATRICE": "A",
    "GROUPEMENT": "LEADER SANTE",
    "adresse": "Centre Commercial La Bretonniere",
    "cp": 35220,
    "VILLE": "CHATEAUBOURG",
    "PAYS": "France"
  },
  {
    "cip": 2026029,
    "INTITULE_CLIENT": "PHARMACIE CENTRALE DE LANVAUX",
    "MATRICE": "A",
    "GROUPEMENT": "",
    "adresse": "4 Place Adrien Le Franc",
    "cp": 56250,
    "VILLE": "ELVEN",
    "PAYS": "France"
  },
  {
    "cip": 2110293,
    "INTITULE_CLIENT": "PHARMACIE ANNE FEREC",
    "MATRICE": "A",
    "GROUPEMENT": "",
    "adresse": "2 Rue de Suisse",
    "cp": 35200,
    "VILLE": "RENNES",
    "PAYS": "France"
  },
  {
    "cip": 2265784,
    "INTITULE_CLIENT": "PHARMACIE ELY-LESCOP",
    "MATRICE": "A",
    "GROUPEMENT": "LAFAYETTE",
    "adresse": "Parc d'Activités Châteaugaillard",
    "cp": 35470,
    "VILLE": "BAIN DE BRETAGNE",
    "PAYS": "France"
  },
  {
    "cip": 2019577,
    "INTITULE_CLIENT": "PHARMACIE DU CENTRE ALMA",
    "MATRICE": "A",
    "GROUPEMENT": "PHARMABEST",
    "adresse": "CENTRE COMMERCIAL ALMA",
    "cp": 35208,
    "VILLE": "RENNES",
    "PAYS": "France"
  },
  {
    "cip": 2277894,
    "INTITULE_CLIENT": "PHARMACIE DE LA PRAIRIE",
    "MATRICE": "A",
    "GROUPEMENT": "",
    "adresse": "25 avenue du Général de Gaulle",
    "cp": 37140,
    "VILLE": "BOURGUEIL",
    "PAYS": "France"
  },
  {
    "cip": 2264361,
    "INTITULE_CLIENT": "PHARMACIE DU LIFFRE",
    "MATRICE": "A",
    "GROUPEMENT": "APRIUM / PARISPHARMA",
    "adresse": "66 rue de Mouexigne",
    "cp": 22400,
    "VILLE": "LAMBALLE",
    "PAYS": "France"
  },
  {
    "cip": 2022485,
    "INTITULE_CLIENT": "PHARMACIE ATLANTIS",
    "MATRICE": "A",
    "GROUPEMENT": "APOTHICAL",
    "adresse": "ZCA du Moulin Neuf",
    "cp": 44800,
    "VILLE": "ST HERBLAIN",
    "PAYS": "France"
  },
  {
    "cip": 2078585,
    "INTITULE_CLIENT": "PHARMACIE DE BEAULIEU",
    "MATRICE": "A",
    "GROUPEMENT": "",
    "adresse": "CENTRE COMMERCIAL BEAULIEU",
    "cp": 17138,
    "VILLE": "PUILBOREAU",
    "PAYS": "France"
  },
  {
    "cip": 2268937,
    "INTITULE_CLIENT": "PHARMACIE DU VAL D'ORSON",
    "MATRICE": "A",
    "GROUPEMENT": "",
    "adresse": "3 RUE DE L'ORSON",
    "cp": 35770,
    "VILLE": "VERN SUR SEICHE",
    "PAYS": "France"
  },
  {
    "cip": 2010731,
    "INTITULE_CLIENT": "PHARMACIE DU CHENE",
    "MATRICE": "A",
    "GROUPEMENT": "ELSIE",
    "adresse": "CENTRE COMMERCIAL \"LE CHENE\"",
    "cp": 22100,
    "VILLE": "QUEVERT",
    "PAYS": "France"
  },
  {
    "cip": 2084709,
    "INTITULE_CLIENT": "PHARMACIE DES VILLAGES",
    "MATRICE": "A",
    "GROUPEMENT": "",
    "adresse": "39 Boulevard de l'Atlantique",
    "cp": 22000,
    "VILLE": "SAINT BRIEUC",
    "PAYS": "France"
  },
  {
    "cip": 2271384,
    "INTITULE_CLIENT": "PHARMACIE FOUACHE-BOSSIS - LAUNAY",
    "MATRICE": "A",
    "GROUPEMENT": "",
    "adresse": "252 rue France III",
    "cp": 17400,
    "VILLE": "SAINT JEAN D'ANGELY",
    "PAYS": "France"
  },
  {
    "cip": 2026013,
    "INTITULE_CLIENT": "PHARMACIE AUBE",
    "MATRICE": "A",
    "GROUPEMENT": "",
    "adresse": "galerie marchande",
    "cp": 56450,
    "VILLE": "THEIX NOYALO",
    "PAYS": "France"
  },
  {
    "cip": 2078873,
    "INTITULE_CLIENT": "PHARMACIE ASSELIN-SCANU",
    "MATRICE": "A",
    "GROUPEMENT": "",
    "adresse": "48 rue des Merciers",
    "cp": 17000,
    "VILLE": "LA ROCHELLE",
    "PAYS": "France"
  },
  {
    "cip": 2112746,
    "INTITULE_CLIENT": "PHARMACIE JEAN-BAPTISTE",
    "MATRICE": "A",
    "GROUPEMENT": "LEADER SANTE",
    "adresse": "64 Av de la République",
    "cp": 37170,
    "VILLE": "CHAMBRAY",
    "PAYS": "France"
  },
  {
    "cip": 2111318,
    "INTITULE_CLIENT": "PHARMACIE DU MEE",
    "MATRICE": "A",
    "GROUPEMENT": "",
    "adresse": "Ctre Cial du Mée",
    "cp": 35500,
    "VILLE": "VITRE",
    "PAYS": "France"
  },
  {
    "cip": 2019315,
    "INTITULE_CLIENT": "PHARMACIE CAP NORD",
    "MATRICE": "A",
    "GROUPEMENT": "",
    "adresse": "6 rue louis Guilloux",
    "cp": 35600,
    "VILLE": "REDON",
    "PAYS": "France"
  },
  {
    "cip": 2255844,
    "INTITULE_CLIENT": "PHARMACIE DE CLEUNAY",
    "MATRICE": "A",
    "GROUPEMENT": "",
    "adresse": "Centre commercial Cleunay",
    "cp": 35000,
    "VILLE": "RENNES",
    "PAYS": "France"
  },
  {
    "cip": 2262673,
    "INTITULE_CLIENT": "PHARMACIE DE L'AVENIR",
    "MATRICE": "A",
    "GROUPEMENT": "",
    "adresse": "22 Route de Corlay",
    "cp": 22200,
    "VILLE": "GUINGAMP",
    "PAYS": "France"
  },
  {
    "cip": 2127972,
    "INTITULE_CLIENT": "PHARMACIE DU SILLON",
    "MATRICE": "A",
    "GROUPEMENT": "",
    "adresse": "Centre commercial Le Sillon ",
    "cp": 44800,
    "VILLE": "SAINT HERBLAIN",
    "PAYS": "France"
  },
  {
    "cip": 2998110,
    "INTITULE_CLIENT": "PHARMACIE DES ROSAIRES",
    "MATRICE": "A",
    "GROUPEMENT": "",
    "adresse": "11 Avenue du Général de Gaulle",
    "cp": 22190,
    "VILLE": "PLERIN",
    "PAYS": "France"
  },
  {
    "cip": 2276691,
    "INTITULE_CLIENT": "PHARMACIE DE L'HOTEL DE VILLE",
    "MATRICE": "A",
    "GROUPEMENT": "",
    "adresse": "6 Avenue Général Patton",
    "cp": 35470,
    "VILLE": "BAIN DE BRETAGNE",
    "PAYS": "France"
  },
  {
    "cip": 2266133,
    "INTITULE_CLIENT": "PHARMACIE BARICHARD",
    "MATRICE": "A",
    "GROUPEMENT": "GIPHAR",
    "adresse": "247 Boulevard Charles De Gaulle",
    "cp": 37540,
    "VILLE": "SAINT-CYR SUR LOIRE",
    "PAYS": "France"
  },
  {
    "cip": 2265983,
    "INTITULE_CLIENT": "PHARMACIE CLEMENT",
    "MATRICE": "A",
    "GROUPEMENT": "",
    "adresse": "17 rue charles le Goffic",
    "cp": 56500,
    "VILLE": "LOCMINE",
    "PAYS": "France"
  },
  {
    "cip": 2258583,
    "INTITULE_CLIENT": "PHARMACIE DE RIVIERES",
    "MATRICE": "A",
    "GROUPEMENT": "APRIUM / PARISPHARMA",
    "adresse": "ROUTE DE LIMOGES",
    "cp": 16110,
    "VILLE": "RIVIERES",
    "PAYS": "France"
  },
  {
    "cip": 2139113,
    "INTITULE_CLIENT": "PHARMACIE DE LA MAYENNE",
    "MATRICE": "A",
    "GROUPEMENT": "",
    "adresse": "46 boulevard de lattre de Tassigny",
    "cp": 53000,
    "VILLE": "LAVAL",
    "PAYS": "France"
  },
  {
    "cip": 2128227,
    "INTITULE_CLIENT": "PHARMACIE DEKLERCK",
    "MATRICE": "A",
    "GROUPEMENT": "ELSIE / SELIA",
    "adresse": "2 Place Canclaux",
    "cp": 44000,
    "VILLE": "NANTES",
    "PAYS": "France"
  },
  {
    "cip": 2111192,
    "INTITULE_CLIENT": "PHARMACIE BOURGES",
    "MATRICE": "A",
    "GROUPEMENT": "",
    "adresse": "Centre commercial rue du Papegault",
    "cp": 35190,
    "VILLE": "TINTENIAC",
    "PAYS": "France"
  },
  {
    "cip": 2111009,
    "INTITULE_CLIENT": "PHARMACIE DE LA DECOUVERTE",
    "MATRICE": "A",
    "GROUPEMENT": "",
    "adresse": "39 rue du Pérou",
    "cp": 35400,
    "VILLE": "SAINT MALO",
    "PAYS": "France"
  },
  {
    "cip": 2110843,
    "INTITULE_CLIENT": "PHARMACIE LAUDRIN ROBINE",
    "MATRICE": "A",
    "GROUPEMENT": "",
    "adresse": "Route de Saint Malo Centre",
    "cp": 35760,
    "VILLE": "SAINT GREGOIRE",
    "PAYS": "France"
  },
  {
    "cip": 2108923,
    "INTITULE_CLIENT": "PHARMACIE BOURIEL et SALMON",
    "MATRICE": "A",
    "GROUPEMENT": "LEADER SANTE",
    "adresse": "Centre Cial La Rigourdière",
    "cp": 35510,
    "VILLE": "CESSON SEVIGNE",
    "PAYS": "France"
  },
  {
    "cip": 2095312,
    "INTITULE_CLIENT": "PHARMACIE BESSE ROIGNANT",
    "MATRICE": "A",
    "GROUPEMENT": "",
    "adresse": "C.C. BRETAGNA GEANT",
    "cp": 29600,
    "VILLE": "ST MARTIN DES CHAMPS",
    "PAYS": "France"
  },
  {
    "cip": 2092678,
    "INTITULE_CLIENT": "PHARMACIE DE L'EUROPE",
    "MATRICE": "A",
    "GROUPEMENT": "APRIUM / PARISPHARMA",
    "adresse": "CENTRE COMMERCIAL GEANT",
    "cp": 29200,
    "VILLE": "BREST",
    "PAYS": "France"
  },
  {
    "cip": 2288246,
    "INTITULE_CLIENT": "PHARMACIE DE LA GALERIE",
    "MATRICE": "A",
    "GROUPEMENT": "PHARMACTIV",
    "adresse": "2 RUE DES COMPTOIRS",
    "cp": 35410,
    "VILLE": "CHATEAUGIRON",
    "PAYS": "France"
  },
  {
    "cip": 2284482,
    "INTITULE_CLIENT": "PHARMACIE LACOSTE",
    "MATRICE": "A",
    "GROUPEMENT": "GIPHAR",
    "adresse": "2 RUE DE LA MARNE",
    "cp": 29800,
    "VILLE": "LANDERNEAU",
    "PAYS": "France"
  },
  {
    "cip": 2283452,
    "INTITULE_CLIENT": "PHARMACIE DE L ISAC",
    "MATRICE": "A",
    "GROUPEMENT": "GIPHAR",
    "adresse": "27 ROUTE DE L ISAC",
    "cp": 44130,
    "VILLE": "BLAIN",
    "PAYS": "France"
  },
  {
    "cip": 2283379,
    "INTITULE_CLIENT": "GRANDE PHARMACIE DE RENNES",
    "MATRICE": "A",
    "GROUPEMENT": "",
    "adresse": "10 PLACE DU COLOMBIER",
    "cp": 35000,
    "VILLE": "RENNES",
    "PAYS": "France"
  },
  {
    "cip": 2280289,
    "INTITULE_CLIENT": "PHARMACIE GRUEL VILLENEUVE",
    "MATRICE": "A",
    "GROUPEMENT": "",
    "adresse": "PLACE DE LA RENAISSANCE",
    "cp": 17290,
    "VILLE": "AIGREFEUILLE D AUNIS",
    "PAYS": "France"
  },
  {
    "cip": 2277501,
    "INTITULE_CLIENT": "PHARMACIE SAINT NICOLAS",
    "MATRICE": "A",
    "GROUPEMENT": "APRIUM / PARISPHARMA",
    "adresse": "RUE DANIEL GEMY",
    "cp": 22600,
    "VILLE": "LOUDEAC",
    "PAYS": "France"
  },
  {
    "cip": 2276272,
    "INTITULE_CLIENT": "PHARMACIE KERBORIOU",
    "MATRICE": "A",
    "GROUPEMENT": "",
    "adresse": "PLATEAU SAINT FIACRE",
    "cp": 29600,
    "VILLE": "PLOURIN LES MORLAIX",
    "PAYS": "France"
  },
  {
    "cip": 2276120,
    "INTITULE_CLIENT": "PHARMACIE DU VAL FLEURI",
    "MATRICE": "A",
    "GROUPEMENT": "",
    "adresse": "BOULEVARD PASTEUR",
    "cp": 44450,
    "VILLE": "LA CHAPELLE BASSE MER",
    "PAYS": "France"
  },
  {
    "cip": 2274799,
    "INTITULE_CLIENT": "PHARMACIE DU MAS CERISE",
    "MATRICE": "A",
    "GROUPEMENT": "",
    "adresse": "RUE FREDERIC LEGRAND",
    "cp": 87220,
    "VILLE": "FEYTIAT",
    "PAYS": "France"
  },
  {
    "cip": 2270705,
    "INTITULE_CLIENT": "PHARMACIE DE KERVENT",
    "MATRICE": "A",
    "GROUPEMENT": "",
    "adresse": "RUE DE BREST",
    "cp": 29250,
    "VILLE": "ST POL DE LEON",
    "PAYS": "France"
  },
  {
    "cip": 2269899,
    "INTITULE_CLIENT": "PHARMACIE CLECH",
    "MATRICE": "A",
    "GROUPEMENT": "",
    "adresse": "RUE LOUIS AMPERE",
    "cp": 35580,
    "VILLE": "GUICHEN",
    "PAYS": "France"
  },
  {
    "cip": 2268874,
    "INTITULE_CLIENT": "PHARMACIE DU LOC",
    "MATRICE": "A",
    "GROUPEMENT": "",
    "adresse": "2 RUE FRANCOIS TANGUY PRIGENT",
    "cp": 56891,
    "VILLE": "ST AVE CEDEX",
    "PAYS": "France"
  },
  {
    "cip": 2268434,
    "INTITULE_CLIENT": "PHARMACIE DU FREMUR",
    "MATRICE": "A",
    "GROUPEMENT": "",
    "adresse": "ZAC DE L AEROPORT",
    "cp": 35730,
    "VILLE": "PLEURTUIT",
    "PAYS": "France"
  },
  {
    "cip": 2267315,
    "INTITULE_CLIENT": "PHARMACIE SAUPIN",
    "MATRICE": "A",
    "GROUPEMENT": "GIPHAR",
    "adresse": "ZA PORTE DU LITTORAL",
    "cp": 85190,
    "VILLE": "AIZENAY",
    "PAYS": "France"
  },
  {
    "cip": 2263169,
    "INTITULE_CLIENT": "PHARMACIE HEMERY",
    "MATRICE": "A",
    "GROUPEMENT": "",
    "adresse": "1 ESPACE KERNEVELECK",
    "cp": 29170,
    "VILLE": "FOUESNANT",
    "PAYS": "France"
  },
  {
    "cip": 2259388,
    "INTITULE_CLIENT": "PHARMACIE DE L IMMACULEE",
    "MATRICE": "A",
    "GROUPEMENT": "ELSIE",
    "adresse": "ROUTE DU POINT DU JOUR",
    "cp": 44600,
    "VILLE": "ST NAZAIRE",
    "PAYS": "France"
  },
  {
    "cip": 2257789,
    "INTITULE_CLIENT": "PHARMACIE DE LA FLEURIAYE",
    "MATRICE": "A",
    "GROUPEMENT": "",
    "adresse": "ROUTE DE SUCE SUR ERDRE",
    "cp": 44470,
    "VILLE": "CARQUEFOU",
    "PAYS": "France"
  },
  {
    "cip": 2256984,
    "INTITULE_CLIENT": "PHARMACIE DU HILL",
    "MATRICE": "A",
    "GROUPEMENT": "",
    "adresse": "8 RUE DES SPORTS",
    "cp": 35370,
    "VILLE": "ARGENTRE DU PLESSIS",
    "PAYS": "France"
  },
  {
    "cip": 2252246,
    "INTITULE_CLIENT": "PHARMACIE DE LA LIBERATION",
    "MATRICE": "A",
    "GROUPEMENT": "",
    "adresse": "48 BOULEVARD DE LA LIBERATION",
    "cp": 44220,
    "VILLE": "LA CHABOSSIERE",
    "PAYS": "France"
  },
  {
    "cip": 2251834,
    "INTITULE_CLIENT": "PHARMACIE REHEL",
    "MATRICE": "A",
    "GROUPEMENT": "",
    "adresse": "1 RUE DU DOCTEUR GRINGOIRE",
    "cp": 35120,
    "VILLE": "DOL DE BRETAGNE",
    "PAYS": "France"
  },
  {
    "cip": 2246845,
    "INTITULE_CLIENT": "PHARMACIE DE LA PETITE ARCHE",
    "MATRICE": "A",
    "GROUPEMENT": "APRIUM / PARISPHARMA",
    "adresse": "AVENUE GUSTAVE EIFFEL",
    "cp": 37100,
    "VILLE": "TOURS",
    "PAYS": "France"
  },
  {
    "cip": 2218624,
    "INTITULE_CLIENT": "PHARMACIE BERNARDAUD",
    "MATRICE": "A",
    "GROUPEMENT": "LAFAYETTE",
    "adresse": "1 PLACE FOURNIER",
    "cp": 87000,
    "VILLE": "LIMOGES",
    "PAYS": "France"
  },
  {
    "cip": 2217814,
    "INTITULE_CLIENT": "PHARMACIE DE SAVIGNE",
    "MATRICE": "A",
    "GROUPEMENT": "",
    "adresse": "ROUTE DE LIMOGES",
    "cp": 86400,
    "VILLE": "SAVIGNE",
    "PAYS": "France"
  },
  {
    "cip": 2183230,
    "INTITULE_CLIENT": "GRANDE PHARMACIE DU CENTRE SUD",
    "MATRICE": "A",
    "GROUPEMENT": "APOTHICAL",
    "adresse": "257 AVENUE GEORGES DURAND",
    "cp": 72100,
    "VILLE": "LE MANS",
    "PAYS": "France"
  },
  {
    "cip": 2144322,
    "INTITULE_CLIENT": "PHARMACIE CENTRALE",
    "MATRICE": "A",
    "GROUPEMENT": "",
    "adresse": "5 RUE DU GENERAL DE GAULLE",
    "cp": 56240,
    "VILLE": "PLOUAY",
    "PAYS": "France"
  },
  {
    "cip": 2133834,
    "INTITULE_CLIENT": "PHARMACIE VICTOR HUGO",
    "MATRICE": "A",
    "GROUPEMENT": "",
    "adresse": "10 RUE VICTOR HUGO",
    "cp": 49460,
    "VILLE": "MONTREUIL JUIGNE",
    "PAYS": "France"
  },
  {
    "cip": 2132500,
    "INTITULE_CLIENT": "PHARMACIE DU BOULEVARD CAMUS",
    "MATRICE": "A",
    "GROUPEMENT": "GIPHAR",
    "adresse": "BOULEVARD ALBERT CAMUS",
    "cp": 49100,
    "VILLE": "ANGERS",
    "PAYS": "France"
  },
  {
    "cip": 2128054,
    "INTITULE_CLIENT": "PHARMACIE POLE SUD",
    "MATRICE": "A",
    "GROUPEMENT": "UNIVERS PHARMACIE",
    "adresse": "ROUTE DE CLISSON",
    "cp": 44115,
    "VILLE": "BASSE GOULAINE",
    "PAYS": "France"
  },
  {
    "cip": 2127946,
    "INTITULE_CLIENT": "PHARMACIE GRAND VAL",
    "MATRICE": "A",
    "GROUPEMENT": "",
    "adresse": "1 RUE DE LA CONRAIE",
    "cp": 44700,
    "VILLE": "ORVAULT",
    "PAYS": "France"
  },
  {
    "cip": 2127642,
    "INTITULE_CLIENT": "PHARMACIE BERTHO",
    "MATRICE": "A",
    "GROUPEMENT": "PHARMACTIV",
    "adresse": "RUE DE LA MALNOUE",
    "cp": 44470,
    "VILLE": "THOUARE SUR LOIRE",
    "PAYS": "France"
  },
  {
    "cip": 2127438,
    "INTITULE_CLIENT": "PHARMACIE MIGNEN CHARBEAUX",
    "MATRICE": "A",
    "GROUPEMENT": "",
    "adresse": "8 AVENUE GENERAL DE GAULLE",
    "cp": 44680,
    "VILLE": "STE PAZANNE",
    "PAYS": "France"
  },
  {
    "cip": 2127422,
    "INTITULE_CLIENT": "PHARMACIE SAINT NICOLAS DE REDON",
    "MATRICE": "A",
    "GROUPEMENT": "",
    "adresse": "30 AVENUE JEAN BUREL",
    "cp": 44460,
    "VILLE": "ST NICOLAS DE REDON",
    "PAYS": "France"
  },
  {
    "cip": 2126743,
    "INTITULE_CLIENT": "PHARMACIE DE LA CROIX DE REZE",
    "MATRICE": "A",
    "GROUPEMENT": "",
    "adresse": "3 RUE DE LA CHESNAIE",
    "cp": 44400,
    "VILLE": "REZE",
    "PAYS": "France"
  },
  {
    "cip": 2125776,
    "INTITULE_CLIENT": "PHARMACIE DE L ERAUDIERE",
    "MATRICE": "A",
    "GROUPEMENT": "GIPHAR",
    "adresse": "173 ROUTE DE SAINT JOSEPH",
    "cp": 44300,
    "VILLE": "NANTES",
    "PAYS": "France"
  },
  {
    "cip": 2125603,
    "INTITULE_CLIENT": "PHARMACIE DU PILORI",
    "MATRICE": "A",
    "GROUPEMENT": "",
    "adresse": "1 PLACE DU PILORI",
    "cp": 44000,
    "VILLE": "NANTES",
    "PAYS": "France"
  },
  {
    "cip": 2125488,
    "INTITULE_CLIENT": "PHARMACIE PARIDIS",
    "MATRICE": "A",
    "GROUPEMENT": "",
    "adresse": "14 ROUTE DE PARIS",
    "cp": 44305,
    "VILLE": "NANTES CEDEX 3",
    "PAYS": "France"
  },
  {
    "cip": 2125446,
    "INTITULE_CLIENT": "PHARMACIE MONTAGNE PLUS",
    "MATRICE": "A",
    "GROUPEMENT": "",
    "adresse": "AVENUE DE LA LIBERATION",
    "cp": 44620,
    "VILLE": "LA MONTAGNE",
    "PAYS": "France"
  },
  {
    "cip": 2124793,
    "INTITULE_CLIENT": "PHARMACIE DE LA VILLE AUX ROSES",
    "MATRICE": "A",
    "GROUPEMENT": "",
    "adresse": "1 RUE CESAR FRANCK",
    "cp": 44110,
    "VILLE": "CHATEAUBRIANT",
    "PAYS": "France"
  },
  {
    "cip": 2113781,
    "INTITULE_CLIENT": "PHARMACIE GUSTAVE EIFFEL",
    "MATRICE": "A",
    "GROUPEMENT": "",
    "adresse": "31 AVENUE GUSTAVE EIFFEL",
    "cp": 37100,
    "VILLE": "TOURS",
    "PAYS": "France"
  },
  {
    "cip": 2111234,
    "INTITULE_CLIENT": "PHARMACIE DU MUGUET",
    "MATRICE": "A",
    "GROUPEMENT": "",
    "adresse": "10 RUE DE RENNES",
    "cp": 35132,
    "VILLE": "VEZIN LE COQUET",
    "PAYS": "France"
  },
  {
    "cip": 2110089,
    "INTITULE_CLIENT": "PHARMACIE COLOMBIA",
    "MATRICE": "A",
    "GROUPEMENT": "LAFAYETTE",
    "adresse": "40 PLACE DU COLOMBIER",
    "cp": 35000,
    "VILLE": "RENNES",
    "PAYS": "France"
  },
  {
    "cip": 2109293,
    "INTITULE_CLIENT": "PHARMACIE DE L EUROPE",
    "MATRICE": "A",
    "GROUPEMENT": "",
    "adresse": "5 RUE POULLET",
    "cp": 35300,
    "VILLE": "FOUGERES",
    "PAYS": "France"
  },
  {
    "cip": 2108792,
    "INTITULE_CLIENT": "PHARMACIE BEAUGENDRE",
    "MATRICE": "A",
    "GROUPEMENT": "",
    "adresse": "2 RUE DU DOCTEUR LAENNEC",
    "cp": 35830,
    "VILLE": "BETTON",
    "PAYS": "France"
  },
  {
    "cip": 2095003,
    "INTITULE_CLIENT": "PHARMACIE DE PARIS",
    "MATRICE": "A",
    "GROUPEMENT": "",
    "adresse": "32 PLACE TERRE AU DUC",
    "cp": 29000,
    "VILLE": "QUIMPER",
    "PAYS": "France"
  },
  {
    "cip": 2093671,
    "INTITULE_CLIENT": "PHARMACIE AUZANNEAU",
    "MATRICE": "A",
    "GROUPEMENT": "",
    "adresse": "13 RUE DU GENERAL DE GAULLE",
    "cp": 29590,
    "VILLE": "LE FAOU",
    "PAYS": "France"
  },
  {
    "cip": 2093509,
    "INTITULE_CLIENT": "PHARMACIE DES 2 RIVIERES",
    "MATRICE": "A",
    "GROUPEMENT": "",
    "adresse": "1 ROUTE DE LA GARE",
    "cp": 29460,
    "VILLE": "DAOULAS",
    "PAYS": "France"
  },
  {
    "cip": 2083595,
    "INTITULE_CLIENT": "PHARMACIE LANNION KER UHEL",
    "MATRICE": "A",
    "GROUPEMENT": "",
    "adresse": "3 BOULEVARD D ARMOR",
    "cp": 22300,
    "VILLE": "LANNION",
    "PAYS": "France"
  },
  {
    "cip": 2045319,
    "INTITULE_CLIENT": "PHARMACIE DEBEST",
    "MATRICE": "A",
    "GROUPEMENT": "APRIUM / PARISPHARMA",
    "adresse": "ROUTE NATIONALE 20",
    "cp": 87220,
    "VILLE": "BOISSEUIL",
    "PAYS": "France"
  },
  {
    "cip": 2020074,
    "INTITULE_CLIENT": "PHARMACIE PRINCIPALE",
    "MATRICE": "A",
    "GROUPEMENT": "PHARMABEST",
    "adresse": "53 RUE NATIONALE",
    "cp": 37000,
    "VILLE": "TOURS",
    "PAYS": "France"
  },
  {
    "cip": 2019404,
    "INTITULE_CLIENT": "PHARMACIE LA MADELEINE",
    "MATRICE": "A",
    "GROUPEMENT": "PHARMABEST",
    "adresse": "AVENUE DE LA FLAUDAIE",
    "cp": 35400,
    "VILLE": "ST MALO",
    "PAYS": "France"
  },
  {
    "cip": 2019362,
    "INTITULE_CLIENT": "PHARMACIE DU VERT GALANT",
    "MATRICE": "A",
    "GROUPEMENT": "",
    "adresse": "98 RUE DE RENNES",
    "cp": 35340,
    "VILLE": "LIFFRE",
    "PAYS": "France"
  },
  {
    "cip": 2013749,
    "INTITULE_CLIENT": "PHARMACIE FOX PHARMA",
    "MATRICE": "A",
    "GROUPEMENT": "GIPHAR",
    "adresse": "45 RUE SAINT JACQUES",
    "cp": 85600,
    "VILLE": "MONTAIGU",
    "PAYS": "France"
  },
  {
    "cip": 2013456,
    "INTITULE_CLIENT": "PHARMACIE DE L HOTEL DE VILLE",
    "MATRICE": "A",
    "GROUPEMENT": "",
    "adresse": "100 RUE JACQUES PREVERT",
    "cp": 53230,
    "VILLE": "COSSE LE VIVIEN",
    "PAYS": "France"
  },
  {
    "cip": 2008214,
    "INTITULE_CLIENT": "PHARMACIE DE L ECHASSIER",
    "MATRICE": "A",
    "GROUPEMENT": "",
    "adresse": "30 ROUTE DE L ECHASSIER",
    "cp": 16100,
    "VILLE": "CHATEAUBERNARD",
    "PAYS": "France"
  },
  {
    "cip": 2005567,
    "INTITULE_CLIENT": "PHARMACIE PERCHAIS CHEVALLIER",
    "MATRICE": "A",
    "GROUPEMENT": "",
    "adresse": "5 A RUE DE LA VALLEE DU CAST",
    "cp": 35380,
    "VILLE": "PLELAN LE GRAND",
    "PAYS": "France"
  },
  {
    "cip": 2005470,
    "INTITULE_CLIENT": "PHARMACIE DES VOILES",
    "MATRICE": "A",
    "GROUPEMENT": "",
    "adresse": "35 RUE JEAN MARIE LE BRIS",
    "cp": 29200,
    "VILLE": "BREST",
    "PAYS": "France"
  },
  {
    "cip": 2005277,
    "INTITULE_CLIENT": "PHARMACIE KERHOR",
    "MATRICE": "A",
    "GROUPEMENT": "PHARMACTIV",
    "adresse": "49 RUE ERIC TABARLY",
    "cp": 29300,
    "VILLE": "QUIMPERLE",
    "PAYS": "France"
  },
  {
    "cip": 2005059,
    "INTITULE_CLIENT": "PHARMACIE OLIVIER",
    "MATRICE": "A",
    "GROUPEMENT": "GIPHAR",
    "adresse": "80 BOULEVARD DE BLICHE",
    "cp": 35133,
    "VILLE": "LECOUSSE",
    "PAYS": "France"
  },
  {
    "cip": 2004243,
    "INTITULE_CLIENT": "PHARMACIE DU GOLFEUR",
    "MATRICE": "A",
    "GROUPEMENT": "",
    "adresse": "1 ROND POINT DU GOLFEUR",
    "cp": 44260,
    "VILLE": "SAVENAY",
    "PAYS": "France"
  },
  {
    "cip": 2001892,
    "INTITULE_CLIENT": "PHARMACIE DES GAYEULLES",
    "MATRICE": "A",
    "GROUPEMENT": "",
    "adresse": "34 PLACE LUCIE ET RAYMOND AUBRAC",
    "cp": 35700,
    "VILLE": "RENNES",
    "PAYS": "France"
  },
  {
    "cip": 2000048,
    "INTITULE_CLIENT": "PHARMACIE LE BIHEN",
    "MATRICE": "A",
    "GROUPEMENT": "",
    "adresse": "4 RUE MARIE THERESE EYQUEM",
    "cp": 44570,
    "VILLE": "TRIGNAC",
    "PAYS": "France"
  },
  {
    "cip": 1171002,
    "INTITULE_CLIENT": "PHARMACIE MUTUALISTE ROCHEFORT",
    "MATRICE": "A",
    "GROUPEMENT": "",
    "adresse": "17 B AVENUE LEON GAMBETTA",
    "cp": 17300,
    "VILLE": "ROCHEFORT",
    "PAYS": "France"
  },
  {
    "cip": 2112547,
    "INTITULE_CLIENT": "PHARMACIE DU MAIL",
    "MATRICE": "B",
    "GROUPEMENT": "",
    "adresse": "1 Quai du Général de Gaulle",
    "cp": 37400,
    "VILLE": "AMBOISE",
    "PAYS": "France"
  },
  {
    "cip": 2263703,
    "INTITULE_CLIENT": "PHARMACIE DU CHALET",
    "MATRICE": "B",
    "GROUPEMENT": "",
    "adresse": "49 AVENUE GEORGES CLEMENCEAU",
    "cp": 22400,
    "VILLE": "LAMBALLE-ARMOR",
    "PAYS": "France"
  },
  {
    "cip": 2145127,
    "INTITULE_CLIENT": "PHARMACIE DE KERPONT",
    "MATRICE": "B",
    "GROUPEMENT": "APRIUM / PARISPHARMA",
    "adresse": "78 AVENUE AMBROISE CROIZAT ",
    "cp": 56600,
    "VILLE": "LANESTER",
    "PAYS": "France"
  },
  {
    "cip": 2266751,
    "INTITULE_CLIENT": "PHARMACIE KER AHES",
    "MATRICE": "B",
    "GROUPEMENT": "",
    "adresse": "5 rue Salvador Allende ",
    "cp": 29270,
    "VILLE": "CARHAIX-PLOUGUER",
    "PAYS": "France"
  },
  {
    "cip": 2254327,
    "INTITULE_CLIENT": "PHARMACIE KERGROIX",
    "MATRICE": "B",
    "GROUPEMENT": "",
    "adresse": "11 Avenue François Mitterand",
    "cp": 56700,
    "VILLE": "HENNEBONT",
    "PAYS": "France"
  },
  {
    "cip": 2002265,
    "INTITULE_CLIENT": "PHARMACIE LANGLOIS",
    "MATRICE": "B",
    "GROUPEMENT": "UNIVERS PHARMACIE",
    "adresse": "Ctre Cial espace Anjou",
    "cp": 49000,
    "VILLE": "ANGERS",
    "PAYS": "France"
  },
  {
    "cip": 2272236,
    "INTITULE_CLIENT": "PHARMACIE DU BIEN ETRE",
    "MATRICE": "B",
    "GROUPEMENT": "GIPHAR",
    "adresse": "Cc intermarché",
    "cp": 29860,
    "VILLE": "PLABENNEC",
    "PAYS": "France"
  },
  {
    "cip": 2266788,
    "INTITULE_CLIENT": "PHARMACIE CAP OCEAN",
    "MATRICE": "B",
    "GROUPEMENT": "",
    "adresse": "72 rue des sables",
    "cp": 85300,
    "VILLE": "CHALLANS",
    "PAYS": "France"
  },
  {
    "cip": 2257438,
    "INTITULE_CLIENT": "PHARMACIE DU GRAND CHENE",
    "MATRICE": "B",
    "GROUPEMENT": "GIPHAR",
    "adresse": "Z.I de la pièce du Chêne",
    "cp": 79400,
    "VILLE": "AZAY LE BRULE",
    "PAYS": "France"
  },
  {
    "cip": 2019949,
    "INTITULE_CLIENT": "PHARMACIE LEMAITRE",
    "MATRICE": "B",
    "GROUPEMENT": "",
    "adresse": "Place du 11 Novembre 1918",
    "cp": 37510,
    "VILLE": "BALLAN MIRE",
    "PAYS": "France"
  },
  {
    "cip": 2206561,
    "INTITULE_CLIENT": "PHARMACIE DU GEANT",
    "MATRICE": "B",
    "GROUPEMENT": "COS",
    "adresse": "Centre commercial géant Niort-Est",
    "cp": 79180,
    "VILLE": "CHAURAY",
    "PAYS": "France"
  },
  {
    "cip": "",
    "INTITULE_CLIENT": "NOUVELLE PHARMACIE GRAND MAINE",
    "MATRICE": "B",
    "GROUPEMENT": "",
    "adresse": "CENTRE COMMERCIAL GRAND MAINE",
    "cp": 49000,
    "VILLE": "ANGERS",
    "PAYS": "France"
  },
  {
    "cip": 2144034,
    "INTITULE_CLIENT": "PHARMACIE DU MARCHE",
    "MATRICE": "B",
    "GROUPEMENT": "PROVIDOM",
    "adresse": "20 rue du Marché",
    "cp": 56190,
    "VILLE": "MUZILLAC",
    "PAYS": "France"
  },
  {
    "cip": 2013698,
    "INTITULE_CLIENT": "PHARMACIE MARIE",
    "MATRICE": "B",
    "GROUPEMENT": "NORMANDIE PHARMA",
    "adresse": "Place Montsifrot",
    "cp": 35520,
    "VILLE": "LA MEZIERE",
    "PAYS": "France"
  },
  {
    "cip": 2092992,
    "INTITULE_CLIENT": "PHARMACIE MARZIN MONGUILLON",
    "MATRICE": "B",
    "GROUPEMENT": "",
    "adresse": "39 rue louis Pasteur",
    "cp": 29200,
    "VILLE": "BREST",
    "PAYS": "France"
  },
  {
    "cip": 2084075,
    "INTITULE_CLIENT": "PHARMACIE DUGUE-BEAUVISAGE",
    "MATRICE": "B",
    "GROUPEMENT": "GIPHAR",
    "adresse": "23 rue du Commerce",
    "cp": 22190,
    "VILLE": "PLERIN",
    "PAYS": "France"
  },
  {
    "cip": 2083506,
    "INTITULE_CLIENT": "PHARMACIE DU VAL D'ARMOR",
    "MATRICE": "B",
    "GROUPEMENT": "",
    "adresse": "20 rue du Dr Lavergne",
    "cp": 22400,
    "VILLE": "LAMBALLE",
    "PAYS": "France"
  },
  {
    "cip": 2126937,
    "INTITULE_CLIENT": "PHARMACIE ESPACE 23",
    "MATRICE": "B",
    "GROUPEMENT": "PHARMABEST",
    "adresse": "Centre Commercial",
    "cp": 44150,
    "VILLE": "SAINT GEREON",
    "PAYS": "France"
  },
  {
    "cip": 2079458,
    "INTITULE_CLIENT": "PHARMACIE DU MARCHE",
    "MATRICE": "B",
    "GROUPEMENT": "",
    "adresse": "95 rue audry de Pyuravault",
    "cp": 17700,
    "VILLE": "SURGERES",
    "PAYS": "France"
  },
  {
    "cip": 2077754,
    "INTITULE_CLIENT": "PHARMACIE LAGARDE PIZON",
    "MATRICE": "B",
    "GROUPEMENT": "",
    "adresse": "Centre commercial Carrefour",
    "cp": 16800,
    "VILLE": "SOYAUX",
    "PAYS": "France"
  },
  {
    "cip": 2022988,
    "INTITULE_CLIENT": "PHARMACIE THEBAUDIERES",
    "MATRICE": "B",
    "GROUPEMENT": "",
    "adresse": "CENTRE COMMERCIAL DES THEBAUDIERES",
    "cp": 44800,
    "VILLE": "SAINT HERBLAIN",
    "PAYS": "France"
  },
  {
    "cip": 2022951,
    "INTITULE_CLIENT": "PHARMACIE OCEANIS",
    "MATRICE": "B",
    "GROUPEMENT": "",
    "adresse": "Centre Commercial Geant Oceanis",
    "cp": 44600,
    "VILLE": "SAINT NAZAIRE",
    "PAYS": "France"
  },
  {
    "cip": 2022731,
    "INTITULE_CLIENT": "PHARMACIE CENTRALE",
    "MATRICE": "B",
    "GROUPEMENT": "GIPHAR",
    "adresse": "27 Rue Aristide Briand",
    "cp": 44110,
    "VILLE": "CHATEAUBRIANT",
    "PAYS": "France"
  },
  {
    "cip": 2022600,
    "INTITULE_CLIENT": "PHARMACIE DUCHIER DABIN",
    "MATRICE": "B",
    "GROUPEMENT": "",
    "adresse": "9 Boulevard d'Alcester",
    "cp": 44330,
    "VILLE": "VALLET",
    "PAYS": "France"
  },
  {
    "cip": 2019430,
    "INTITULE_CLIENT": "PHARMACIE DU PROGRES",
    "MATRICE": "B",
    "GROUPEMENT": "PHARMACTIV",
    "adresse": "5 rue d'Antrain",
    "cp": 35000,
    "VILLE": "RENNES",
    "PAYS": "France"
  },
  {
    "cip": 2019294,
    "INTITULE_CLIENT": "PHARMACIE BOUGEARD & MARCAULT",
    "MATRICE": "B",
    "GROUPEMENT": "",
    "adresse": "28 rue de FOUGERES",
    "cp": 35340,
    "VILLE": "LIFFRE",
    "PAYS": "France"
  },
  {
    "cip": 2013970,
    "INTITULE_CLIENT": "PHARMACIE MAILLET",
    "MATRICE": "B",
    "GROUPEMENT": "",
    "adresse": "21 bis rue Aristide Briand",
    "cp": 44610,
    "VILLE": "BASSE-INDRE",
    "PAYS": "France"
  },
  {
    "cip": 2013417,
    "INTITULE_CLIENT": "PHARMACIE SAINT ELISABETH",
    "MATRICE": "B",
    "GROUPEMENT": "",
    "adresse": "15 Avenue De Pologne",
    "cp": 35200,
    "VILLE": "RENNES",
    "PAYS": "France"
  },
  {
    "cip": 2010595,
    "INTITULE_CLIENT": "PHARMACIE LE MEUR",
    "MATRICE": "B",
    "GROUPEMENT": "",
    "adresse": "Centre commercial Carrefour",
    "cp": 22200,
    "VILLE": "GRACES-GUINGAMP",
    "PAYS": "France"
  },
  {
    "cip": 2008350,
    "INTITULE_CLIENT": "PHARMACIE DU CHATEAU",
    "MATRICE": "B",
    "GROUPEMENT": "APRIUM / PARISPHARMA",
    "adresse": "32 rue des Halles",
    "cp": 16110,
    "VILLE": "LA ROCHEFOUCAULD EN AUGOUMOIS",
    "PAYS": "France"
  },
  {
    "cip": 2005949,
    "INTITULE_CLIENT": "PHARMACIE DE LA BAIE",
    "MATRICE": "B",
    "GROUPEMENT": "",
    "adresse": "18 B rue Lucien Vidie",
    "cp": 29900,
    "VILLE": "CONCARNEAU",
    "PAYS": "France"
  },
  {
    "cip": 2005133,
    "INTITULE_CLIENT": "PHARMACIE TERTRAIN",
    "MATRICE": "B",
    "GROUPEMENT": "",
    "adresse": "90 -84 Zone Mont Sur Loir",
    "cp": 72500,
    "VILLE": "CHATEAU DU LOIR",
    "PAYS": "France"
  },
  {
    "cip": 2004255,
    "INTITULE_CLIENT": "PHARMACIE COUSEIN",
    "MATRICE": "B",
    "GROUPEMENT": "",
    "adresse": "3 RUE BERTIN",
    "cp": 49250,
    "VILLE": "BEAUFORT EN VALLEE",
    "PAYS": "France"
  },
  {
    "cip": 2000892,
    "INTITULE_CLIENT": "PHARMACIE BEYSSAC CHARPENTIER",
    "MATRICE": "B",
    "GROUPEMENT": "",
    "adresse": "4 rue Hoche",
    "cp": 36100,
    "VILLE": "LEVROUX",
    "PAYS": "France"
  },
  {
    "cip": 2010752,
    "INTITULE_CLIENT": "PHARMACIE DE L'ESCALE",
    "MATRICE": "B",
    "GROUPEMENT": "PHARMABEST",
    "adresse": "Centre Commercial Carrefour",
    "cp": 22360,
    "VILLE": "LANGUEUX",
    "PAYS": "France"
  },
  {
    "cip": 2002005,
    "INTITULE_CLIENT": "PHARMACIE RUBILLARD",
    "MATRICE": "B",
    "GROUPEMENT": "",
    "adresse": "80 Bis Avenue Rubillard",
    "cp": 72000,
    "VILLE": "LE MANS",
    "PAYS": "France"
  },
  {
    "cip": 2267121,
    "INTITULE_CLIENT": "PHARMACIE FERRE",
    "MATRICE": "B",
    "GROUPEMENT": "",
    "adresse": "Espace Santé du Bocage",
    "cp": 85250,
    "VILLE": "SAINT FULGENT",
    "PAYS": "France"
  },
  {
    "cip": 2271101,
    "INTITULE_CLIENT": "PHARMACIE DE LA MANSE",
    "MATRICE": "B",
    "GROUPEMENT": "",
    "adresse": "Lieudit les Rotes",
    "cp": 37800,
    "VILLE": "SAINTE MAURE DE TOURAINE",
    "PAYS": "France"
  },
  {
    "cip": 2215644,
    "INTITULE_CLIENT": "PHARMACIE DES ACHARDS",
    "MATRICE": "B",
    "GROUPEMENT": "COS",
    "adresse": "4 rue Mal de Lattre de Tassigny",
    "cp": 85150,
    "VILLE": "LA MOTHE-ACHARD",
    "PAYS": "France"
  },
  {
    "cip": 2001451,
    "INTITULE_CLIENT": "PHARMACIE DE RECOUVRANCE",
    "MATRICE": "B",
    "GROUPEMENT": "",
    "adresse": "33 RUE ARMORIQUE",
    "cp": 29200,
    "VILLE": "BREST",
    "PAYS": "France"
  },
  {
    "cip": 2262563,
    "INTITULE_CLIENT": "PHARMACIE MEAL",
    "MATRICE": "B",
    "GROUPEMENT": "",
    "adresse": "181 Avenue du 4 Août 1944",
    "cp": 56000,
    "VILLE": "VANNES",
    "PAYS": "France"
  },
  {
    "cip": 2282417,
    "INTITULE_CLIENT": "GRANDE PHARMACIE DE L'ANJOU",
    "MATRICE": "B",
    "GROUPEMENT": "",
    "adresse": "142 Avenue De Lattre de Tassigny",
    "cp": 49000,
    "VILLE": "ANGERS",
    "PAYS": "France"
  },
  {
    "cip": 2134466,
    "INTITULE_CLIENT": "PHARMACIE ORLEANS",
    "MATRICE": "B",
    "GROUPEMENT": "",
    "adresse": "73 rue d'Orleans",
    "cp": 49400,
    "VILLE": "SAUMUR",
    "PAYS": "France"
  },
  {
    "cip": 2132474,
    "INTITULE_CLIENT": "PHARMACIE D'ANDARD",
    "MATRICE": "B",
    "GROUPEMENT": "",
    "adresse": "55 Grand'rue Andard",
    "cp": 49800,
    "VILLE": "LOIRE AUTHION",
    "PAYS": "France"
  },
  {
    "cip": 2036807,
    "INTITULE_CLIENT": "LA GRANDE PHARMACIE DES MINIMES",
    "MATRICE": "B",
    "GROUPEMENT": "PHARMABEST",
    "adresse": "13 rue des Minimes",
    "cp": 72000,
    "VILLE": "LE MANS",
    "PAYS": "France"
  },
  {
    "cip": 2262097,
    "INTITULE_CLIENT": "PHARMACIE HOURMAN",
    "MATRICE": "B",
    "GROUPEMENT": "",
    "adresse": "CC Super U",
    "cp": 29470,
    "VILLE": "PLOUGASTEL DAOULAS",
    "PAYS": "France"
  },
  {
    "cip": 2109052,
    "INTITULE_CLIENT": "PHARMACIE DES POTIERS",
    "MATRICE": "B",
    "GROUPEMENT": "PHARMACTIV",
    "adresse": "1 rue Nicolas Appert",
    "cp": 35230,
    "VILLE": "NOYAL-CHATILLON-SUR-SEICHE",
    "PAYS": "France"
  },
  {
    "cip": 2268282,
    "INTITULE_CLIENT": "PHARMACIE DU HARAS",
    "MATRICE": "B",
    "GROUPEMENT": "PHARMACTIV",
    "adresse": "18 Avenue Jourdan",
    "cp": 17100,
    "VILLE": "SAINTES",
    "PAYS": "France"
  },
  {
    "cip": 2259681,
    "INTITULE_CLIENT": "PHARMACIE GARDELOUPE",
    "MATRICE": "B",
    "GROUPEMENT": "ELSIE",
    "adresse": "avenue des freres lumieres",
    "cp": 56700,
    "VILLE": "HENNEBONT",
    "PAYS": "France"
  },
  {
    "cip": 2114151,
    "INTITULE_CLIENT": "PHARMACIE DES TOURETTES",
    "MATRICE": "B",
    "GROUPEMENT": "",
    "adresse": "95 Avenue de la République",
    "cp": 37100,
    "VILLE": "TOURS",
    "PAYS": "France"
  },
  {
    "cip": 2077094,
    "INTITULE_CLIENT": "PHARMACIE VANONI",
    "MATRICE": "B",
    "GROUPEMENT": "UNIVERS PHARMACIE",
    "adresse": "12 rue d'Angoulème",
    "cp": 16100,
    "VILLE": "COGNAC",
    "PAYS": "France"
  },
  {
    "cip": 2279158,
    "INTITULE_CLIENT": "PHARMACIE CENTRALE",
    "MATRICE": "B",
    "GROUPEMENT": "",
    "adresse": "5 Quai des Marais",
    "cp": 37400,
    "VILLE": "AMBOISE",
    "PAYS": "France"
  },
  {
    "cip": 2011033,
    "INTITULE_CLIENT": "PHARMACIE DE LA MARCHE",
    "MATRICE": "B",
    "GROUPEMENT": "",
    "adresse": "34 Avenue d'Auvergne",
    "cp": 23000,
    "VILLE": "GUERET",
    "PAYS": "France"
  },
  {
    "cip": 2002238,
    "INTITULE_CLIENT": "PHARMACIE JAVAUX-GIRARD",
    "MATRICE": "B",
    "GROUPEMENT": "",
    "adresse": "Box 13",
    "cp": 37190,
    "VILLE": "AZAY LE RIDEAU",
    "PAYS": "France"
  },
  {
    "cip": 2286364,
    "INTITULE_CLIENT": "PHARMACIE DE FLEURIAN",
    "MATRICE": "B",
    "GROUPEMENT": "",
    "adresse": "2 PLACE AUDITOIRE",
    "cp": 29870,
    "VILLE": "LANNILIS",
    "PAYS": "France"
  },
  {
    "cip": 2279823,
    "INTITULE_CLIENT": "PHARMACIE DUPEUX",
    "MATRICE": "B",
    "GROUPEMENT": "HPI TOTUM",
    "adresse": "2 rue  de la .Martinique",
    "cp": 36250,
    "VILLE": "SAINT MAUR",
    "PAYS": "France"
  },
  {
    "cip": 2279142,
    "INTITULE_CLIENT": "PHARMACIE DU THOUET",
    "MATRICE": "B",
    "GROUPEMENT": "GIPHAR",
    "adresse": "Centre Commercial Le Centre",
    "cp": 49400,
    "VILLE": "SAUMUR",
    "PAYS": "France"
  },
  {
    "cip": 2277758,
    "INTITULE_CLIENT": "PHARMACIE POURLETH",
    "MATRICE": "B",
    "GROUPEMENT": "",
    "adresse": "Centre Commercial Intermarché",
    "cp": 56160,
    "VILLE": "GUEMENE S/ SCORFF",
    "PAYS": "France"
  },
  {
    "cip": 2277192,
    "INTITULE_CLIENT": "PHARMACIE DU U EXPRESS",
    "MATRICE": "B",
    "GROUPEMENT": "",
    "adresse": "Centre Commercial U express",
    "cp": 44320,
    "VILLE": "SAINT PERE EN RETZ",
    "PAYS": "France"
  },
  {
    "cip": 2276382,
    "INTITULE_CLIENT": "PHARMACIE HILY",
    "MATRICE": "B",
    "GROUPEMENT": "",
    "adresse": "1 rue Beausoleil",
    "cp": 44850,
    "VILLE": "SAINT MARS DU DESERT",
    "PAYS": "France"
  },
  {
    "cip": 2270490,
    "INTITULE_CLIENT": "PHARMACIE BLANCATO",
    "MATRICE": "B",
    "GROUPEMENT": "APRIUM / PARISPHARMA",
    "adresse": "Rue Pasteur C.Commercial Super U",
    "cp": 17430,
    "VILLE": "TONNAY CHARENTE",
    "PAYS": "France"
  },
  {
    "cip": 2269946,
    "INTITULE_CLIENT": "PHARMACIE DE CORNOUAILLE",
    "MATRICE": "B",
    "GROUPEMENT": "",
    "adresse": "20 Avenue Yves Thépot",
    "cp": 29000,
    "VILLE": "QUIMPER",
    "PAYS": "France"
  },
  {
    "cip": 2288398,
    "INTITULE_CLIENT": "PHARMACIE THIREAU",
    "MATRICE": "B",
    "GROUPEMENT": "ELSIE",
    "adresse": "283 Avenue Francis Robert",
    "cp": 44150,
    "VILLE": "ANCENIS",
    "PAYS": "France"
  },
  {
    "cip": 2256937,
    "INTITULE_CLIENT": "PHARMACIE ANGERS-MILLOT",
    "MATRICE": "B",
    "GROUPEMENT": "",
    "adresse": "55, boulevard Jacques Millot",
    "cp": 49000,
    "VILLE": "ANGERS",
    "PAYS": "France"
  },
  {
    "cip": 2252749,
    "INTITULE_CLIENT": "PHARMACIE PETARD",
    "MATRICE": "B",
    "GROUPEMENT": "APRIUM / PARISPHARMA",
    "adresse": "10 rue de l'Erdre",
    "cp": 44390,
    "VILLE": "NORT SUR ERDRE",
    "PAYS": "France"
  },
  {
    "cip": 2219518,
    "INTITULE_CLIENT": "PHARMACIE DE BEL FONT",
    "MATRICE": "B",
    "GROUPEMENT": "HPI TOTUM",
    "adresse": "49 avenue de Limoges",
    "cp": 87270,
    "VILLE": "COUZEIX",
    "PAYS": "France"
  },
  {
    "cip": 2215272,
    "INTITULE_CLIENT": "PHARMACIE BEVILLON",
    "MATRICE": "B",
    "GROUPEMENT": "",
    "adresse": "C. C. Super U -  Les Charmettes",
    "cp": 85140,
    "VILLE": "LES ESSARTS",
    "PAYS": "France"
  },
  {
    "cip": 2183801,
    "INTITULE_CLIENT": "PHARMACIE GUILLOUET",
    "MATRICE": "B",
    "GROUPEMENT": "",
    "adresse": "Z.A LA PRAIRIE DES MOULINS",
    "cp": 72380,
    "VILLE": "STE JAMME SUR SARTHE",
    "PAYS": "France"
  },
  {
    "cip": 2215864,
    "INTITULE_CLIENT": "PHARMACIE DU VAL D'ORNAY",
    "MATRICE": "B",
    "GROUPEMENT": "ELSIE",
    "adresse": "Centre Commercial Carrefour",
    "cp": 85000,
    "VILLE": "LA ROCHE-SUR-YON",
    "PAYS": "France"
  },
  {
    "cip": 2134398,
    "INTITULE_CLIENT": "PHARMACIE DU CENTRE",
    "MATRICE": "B",
    "GROUPEMENT": "",
    "adresse": "25 RUE FRANKLIN ROOSEVELT",
    "cp": 49400,
    "VILLE": "SAUMUR",
    "PAYS": "France"
  },
  {
    "cip": 2125619,
    "INTITULE_CLIENT": "PHARMACIE DU THEATRE",
    "MATRICE": "B",
    "GROUPEMENT": "",
    "adresse": "1 Place GRASLIN",
    "cp": 44000,
    "VILLE": "NANTES",
    "PAYS": "France"
  },
  {
    "cip": 2124809,
    "INTITULE_CLIENT": "PHARMACIE DE LA MOTTE",
    "MATRICE": "B",
    "GROUPEMENT": "",
    "adresse": "13 place de la Motte",
    "cp": 44110,
    "VILLE": "CHATEAUBRIAND",
    "PAYS": "France"
  },
  {
    "cip": 2112730,
    "INTITULE_CLIENT": "PHARMACIE POTIER",
    "MATRICE": "B",
    "GROUPEMENT": "",
    "adresse": "34 rue des Pommiers",
    "cp": 37170,
    "VILLE": "CHAMBRAY LES TOURS",
    "PAYS": "France"
  },
  {
    "cip": 2111936,
    "INTITULE_CLIENT": "PHARMACIE BLANCHET-GUIDOUX",
    "MATRICE": "B",
    "GROUPEMENT": "",
    "adresse": "48 avenue d'Argenton",
    "cp": 36000,
    "VILLE": "CHATEAUROUX",
    "PAYS": "France"
  },
  {
    "cip": 2111501,
    "INTITULE_CLIENT": "PHARMACIE DOUMALIN",
    "MATRICE": "B",
    "GROUPEMENT": "",
    "adresse": "2 place du Romceray",
    "cp": 35200,
    "VILLE": "RENNES",
    "PAYS": "France"
  },
  {
    "cip": 2111260,
    "INTITULE_CLIENT": "PHARMACIE DE LA BARATIERE",
    "MATRICE": "B",
    "GROUPEMENT": "",
    "adresse": "21 rue de Redon",
    "cp": 35500,
    "VILLE": "VITRE",
    "PAYS": "France"
  },
  {
    "cip": 2095574,
    "INTITULE_CLIENT": "PHARMACIE DU BRADEN",
    "MATRICE": "B",
    "GROUPEMENT": "",
    "adresse": "1 Avenue du Braden",
    "cp": 29000,
    "VILLE": "QUIMPER",
    "PAYS": "France"
  },
  {
    "cip": 2093933,
    "INTITULE_CLIENT": "PHARMACIE BERNICOT",
    "MATRICE": "B",
    "GROUPEMENT": "PHARMACTIV",
    "adresse": "51 rue de la Fontaine Blanche",
    "cp": 29800,
    "VILLE": "LANDERNEAU",
    "PAYS": "France"
  },
  {
    "cip": 2093006,
    "INTITULE_CLIENT": "PHARMACIE BELLEVUE-RABREAU",
    "MATRICE": "B",
    "GROUPEMENT": "",
    "adresse": "4 Place Napoléon III",
    "cp": 29200,
    "VILLE": "BREST",
    "PAYS": "France"
  },
  {
    "cip": 2092683,
    "INTITULE_CLIENT": "PHARMACIE JAURES",
    "MATRICE": "B",
    "GROUPEMENT": "",
    "adresse": "56 rue Jean Jaures",
    "cp": 29200,
    "VILLE": "BREST",
    "PAYS": "France"
  },
  {
    "cip": 2287504,
    "INTITULE_CLIENT": "PHARMACIE GRANET",
    "MATRICE": "B",
    "GROUPEMENT": "",
    "adresse": "BOULEVARD PIERRE LEFAUCHEUX",
    "cp": 72230,
    "VILLE": "ARNAGE",
    "PAYS": "France"
  },
  {
    "cip": 2287242,
    "INTITULE_CLIENT": "PHARMACIE DE L ESPACE ARVOR",
    "MATRICE": "B",
    "GROUPEMENT": "",
    "adresse": "52 RUE DU SAINT ESPRIT",
    "cp": 29260,
    "VILLE": "LESNEVEN",
    "PAYS": "France"
  },
  {
    "cip": 2286982,
    "INTITULE_CLIENT": "PHARMACIE JAN",
    "MATRICE": "B",
    "GROUPEMENT": "",
    "adresse": "2 RUE HENT COZ",
    "cp": 29120,
    "VILLE": "PONT L ABBE",
    "PAYS": "France"
  },
  {
    "cip": 2286432,
    "INTITULE_CLIENT": "PHARMACIE DES AJONCS",
    "MATRICE": "B",
    "GROUPEMENT": "",
    "adresse": "6 RUE DES METIERS",
    "cp": 36400,
    "VILLE": "LA CHATRE",
    "PAYS": "France"
  },
  {
    "cip": 2285994,
    "INTITULE_CLIENT": "PHARMACIE AVRIL VALARCHER",
    "MATRICE": "B",
    "GROUPEMENT": "",
    "adresse": "21 A BOULEVARD EMILE POURIEUX",
    "cp": 44350,
    "VILLE": "GUERANDE",
    "PAYS": "France"
  },
  {
    "cip": 2284901,
    "INTITULE_CLIENT": "PHARMACIE DES ARMERIES",
    "MATRICE": "B",
    "GROUPEMENT": "COS",
    "adresse": "RUE DE KERLEBERT",
    "cp": 56530,
    "VILLE": "QUEVEN",
    "PAYS": "France"
  },
  {
    "cip": 2284519,
    "INTITULE_CLIENT": "PHARMACIE LA VIOLETTE",
    "MATRICE": "B",
    "GROUPEMENT": "GIPHAR",
    "adresse": "73 RUE DU 8 MAI 1945",
    "cp": 85340,
    "VILLE": "OLONNE SUR MER",
    "PAYS": "France"
  },
  {
    "cip": 2281628,
    "INTITULE_CLIENT": "PHARMACIE MERCERON",
    "MATRICE": "B",
    "GROUPEMENT": "",
    "adresse": "7 B RUE D ANGERS",
    "cp": 44110,
    "VILLE": "CHATEAUBRIANT",
    "PAYS": "France"
  },
  {
    "cip": 2280315,
    "INTITULE_CLIENT": "PHARMACIE DE BELLEVIGNY",
    "MATRICE": "B",
    "GROUPEMENT": "",
    "adresse": "BOULEVARD DE LA VIE",
    "cp": 85170,
    "VILLE": "BELLEVILLE SUR VIE",
    "PAYS": "France"
  },
  {
    "cip": 2280069,
    "INTITULE_CLIENT": "PHARMACIE DE LA BAIE",
    "MATRICE": "B",
    "GROUPEMENT": "",
    "adresse": "AVENUE DU BAULOIS",
    "cp": 44380,
    "VILLE": "PORNICHET",
    "PAYS": "France"
  },
  {
    "cip": 2279776,
    "INTITULE_CLIENT": "PHARMACIE LEMAIRE",
    "MATRICE": "B",
    "GROUPEMENT": "GIPHAR",
    "adresse": "47 RUE DE L AVENIR",
    "cp": 35550,
    "VILLE": "PIPRIAC",
    "PAYS": "France"
  },
  {
    "cip": 2278259,
    "INTITULE_CLIENT": "PHARMACIE SAINT LAZARE",
    "MATRICE": "B",
    "GROUPEMENT": "",
    "adresse": "2 RUE SAINT LAZARE",
    "cp": 37220,
    "VILLE": "L ILE BOUCHARD",
    "PAYS": "France"
  },
  {
    "cip": 2277559,
    "INTITULE_CLIENT": "PHARMACIE LE FORESTIER",
    "MATRICE": "B",
    "GROUPEMENT": "",
    "adresse": "RUE DU FRICHE AUDOUIN",
    "cp": 44140,
    "VILLE": "AIGREFEUILLE SUR MAINE",
    "PAYS": "France"
  },
  {
    "cip": 2275415,
    "INTITULE_CLIENT": "PHARMACIE PASQUIER LALANNE",
    "MATRICE": "B",
    "GROUPEMENT": "",
    "adresse": "ZONE INDUSTRIELLE DE LA CONTRIE",
    "cp": 49122,
    "VILLE": "LE MAY SUR EVRE",
    "PAYS": "France"
  },
  {
    "cip": 2273926,
    "INTITULE_CLIENT": "PHARMACIE ROUSSEL",
    "MATRICE": "B",
    "GROUPEMENT": "",
    "adresse": "79 AVENUE DE LA FORET",
    "cp": 36330,
    "VILLE": "LE POINCONNET",
    "PAYS": "France"
  },
  {
    "cip": 2272414,
    "INTITULE_CLIENT": "PHARMACIE DU VERT BUISSON",
    "MATRICE": "B",
    "GROUPEMENT": "",
    "adresse": "1 RUE DU PETIT BE",
    "cp": 35170,
    "VILLE": "BRUZ",
    "PAYS": "France"
  },
  {
    "cip": 2272173,
    "INTITULE_CLIENT": "PHARMACIE VIARME",
    "MATRICE": "B",
    "GROUPEMENT": "",
    "adresse": "15 PLACE VIARME",
    "cp": 44000,
    "VILLE": "NANTES",
    "PAYS": "France"
  },
  {
    "cip": 2271473,
    "INTITULE_CLIENT": "PHARMACIE DE LA MORINAIS",
    "MATRICE": "B",
    "GROUPEMENT": "",
    "adresse": "7 9 COURS CAMILLE CLAUDEL",
    "cp": 35136,
    "VILLE": "ST JACQUES DE LA LANDE",
    "PAYS": "France"
  },
  {
    "cip": 2270925,
    "INTITULE_CLIENT": "PHARMACIE ELSY GAULTIER",
    "MATRICE": "B",
    "GROUPEMENT": "",
    "adresse": "21 PLACE CHARLES DE GAULLE",
    "cp": 35420,
    "VILLE": "LOUVIGNE DU DESERT",
    "PAYS": "France"
  },
  {
    "cip": 2270710,
    "INTITULE_CLIENT": "PHARMACIE DE LA FORGE",
    "MATRICE": "B",
    "GROUPEMENT": "",
    "adresse": "77 AVENUE DU GENERAL DE GAULLE",
    "cp": 37230,
    "VILLE": "FONDETTES",
    "PAYS": "France"
  },
  {
    "cip": 2270244,
    "INTITULE_CLIENT": "PHARMACIE DE LA FRATERNITE",
    "MATRICE": "B",
    "GROUPEMENT": "",
    "adresse": "11 AVENUE DE LA FRATERNITE",
    "cp": 86000,
    "VILLE": "POITIERS",
    "PAYS": "France"
  },
  {
    "cip": 2267430,
    "INTITULE_CLIENT": "PHARMACIE BOURDOIS",
    "MATRICE": "B",
    "GROUPEMENT": "",
    "adresse": "ROUTE DE POITIERS",
    "cp": 79600,
    "VILLE": "AIRVAULT",
    "PAYS": "France"
  },
  {
    "cip": 2266882,
    "INTITULE_CLIENT": "PHARMACIE DE LA BOUSSOLE",
    "MATRICE": "B",
    "GROUPEMENT": "",
    "adresse": "RUE DES PLESSES",
    "cp": 85180,
    "VILLE": "CHATEAU D OLONNE",
    "PAYS": "France"
  },
  {
    "cip": 2266238,
    "INTITULE_CLIENT": "PHARMACIE DE VILLEJEAN",
    "MATRICE": "B",
    "GROUPEMENT": "LEADER SANTE",
    "adresse": "33 COURS PDT J FITZGERALD KENNEDY",
    "cp": 35000,
    "VILLE": "RENNES",
    "PAYS": "France"
  },
  {
    "cip": 2265192,
    "INTITULE_CLIENT": "PHARMACIE QUERNEC",
    "MATRICE": "B",
    "GROUPEMENT": "",
    "adresse": "1D RUE AUGUSTE RENOIR",
    "cp": 35400,
    "VILLE": "CHATEAU MALO",
    "PAYS": "France"
  },
  {
    "cip": 2264780,
    "INTITULE_CLIENT": "PHARMACIE DES CITES UNIES",
    "MATRICE": "B",
    "GROUPEMENT": "COS",
    "adresse": "2 AVENUE DES CITES UNIES",
    "cp": 56300,
    "VILLE": "PONTIVY",
    "PAYS": "France"
  },
  {
    "cip": 2264492,
    "INTITULE_CLIENT": "PHARMACIE HUMEAU",
    "MATRICE": "B",
    "GROUPEMENT": "",
    "adresse": "CENTRE COMMERCIAL DES FOUGERES",
    "cp": 49170,
    "VILLE": "ST GEORGES SUR LOIRE",
    "PAYS": "France"
  },
  {
    "cip": 2264115,
    "INTITULE_CLIENT": "PHARMACIE CAP ATLANTIQUE",
    "MATRICE": "B",
    "GROUPEMENT": "GIPHAR",
    "adresse": "ROUTE DE COUERON",
    "cp": 44360,
    "VILLE": "ST ETIENNE DE MONTLUC",
    "PAYS": "France"
  },
  {
    "cip": 2263939,
    "INTITULE_CLIENT": "PHARMACIE D AIGUILLON",
    "MATRICE": "B",
    "GROUPEMENT": "GIPHAR",
    "adresse": "6 QUAI D AIGUILLON",
    "cp": 22300,
    "VILLE": "LANNION",
    "PAYS": "France"
  },
  {
    "cip": 2262778,
    "INTITULE_CLIENT": "PHARMACIE GACILIENNE",
    "MATRICE": "B",
    "GROUPEMENT": "PHARMACTIV",
    "adresse": "PLACE DU SQUARE",
    "cp": 56204,
    "VILLE": "LA GACILLY CEDEX",
    "PAYS": "France"
  },
  {
    "cip": 2262448,
    "INTITULE_CLIENT": "PHARMACIE DE VANTEAUX",
    "MATRICE": "B",
    "GROUPEMENT": "",
    "adresse": "45 RUE DE LA CONQUE",
    "cp": 87000,
    "VILLE": "LIMOGES",
    "PAYS": "France"
  },
  {
    "cip": 2262013,
    "INTITULE_CLIENT": "PHARMACIE DE LA BRETONNIERE",
    "MATRICE": "B",
    "GROUPEMENT": "",
    "adresse": "LA BRETONNIERE",
    "cp": 35260,
    "VILLE": "CANCALE",
    "PAYS": "France"
  },
  {
    "cip": 2261952,
    "INTITULE_CLIENT": "PHARMACIE RAHOU",
    "MATRICE": "B",
    "GROUPEMENT": "",
    "adresse": "15 RUE DE SAINT NAZAIRE",
    "cp": 44800,
    "VILLE": "ST HERBLAIN",
    "PAYS": "France"
  },
  {
    "cip": 2261224,
    "INTITULE_CLIENT": "PHARMACIE DES 3 CAPS",
    "MATRICE": "B",
    "GROUPEMENT": "LEADER SANTE",
    "adresse": "124 RUE SIMONE VEIL",
    "cp": 85180,
    "VILLE": "CHATEAU D OLONNE",
    "PAYS": "France"
  },
  {
    "cip": 2259697,
    "INTITULE_CLIENT": "PHARMACIE DE LA GARE",
    "MATRICE": "B",
    "GROUPEMENT": "APRIUM / PARISPHARMA",
    "adresse": "BOULEVARD EUGENE COSMAO DUMANOIR",
    "cp": 56100,
    "VILLE": "LORIENT",
    "PAYS": "France"
  },
  {
    "cip": 2258033,
    "INTITULE_CLIENT": "PHARMACIE ALLAIN ET PERICHOU",
    "MATRICE": "B",
    "GROUPEMENT": "",
    "adresse": "944 BOULEVARD DU DOCTEUR LIONET",
    "cp": 49700,
    "VILLE": "DOUE LA FONTAINE",
    "PAYS": "France"
  },
  {
    "cip": 2256607,
    "INTITULE_CLIENT": "PHARMACIE JADEAU",
    "MATRICE": "B",
    "GROUPEMENT": "",
    "adresse": "AVENUE DE LA ROCHELLE",
    "cp": 85200,
    "VILLE": "FONTENAY LE COMTE",
    "PAYS": "France"
  },
  {
    "cip": 2256240,
    "INTITULE_CLIENT": "PHARMACIE DES ERABLES",
    "MATRICE": "B",
    "GROUPEMENT": "",
    "adresse": "7 AVENUE DES ERABLES",
    "cp": 35270,
    "VILLE": "COMBOURG",
    "PAYS": "France"
  },
  {
    "cip": 2254044,
    "INTITULE_CLIENT": "PHARMACIE SAINT LOUIS",
    "MATRICE": "B",
    "GROUPEMENT": "GIPHAR",
    "adresse": "66 AVENUE DU 11 NOVEMBRE 1918",
    "cp": 17300,
    "VILLE": "ROCHEFORT",
    "PAYS": "France"
  },
  {
    "cip": 2253318,
    "INTITULE_CLIENT": "PHARMACIE DE PENVILLERS",
    "MATRICE": "B",
    "GROUPEMENT": "",
    "adresse": "2 ALLEE SULLY",
    "cp": 29000,
    "VILLE": "QUIMPER",
    "PAYS": "France"
  },
  {
    "cip": 2250212,
    "INTITULE_CLIENT": "PHARMACIE DU GRAND LITTORAL",
    "MATRICE": "B",
    "GROUPEMENT": "",
    "adresse": "RUE DE LA PERPOISE",
    "cp": 85520,
    "VILLE": "JARD SUR MER",
    "PAYS": "France"
  },
  {
    "cip": 2247105,
    "INTITULE_CLIENT": "PHARMACIE DE LA CROIX BONNEAU",
    "MATRICE": "B",
    "GROUPEMENT": "",
    "adresse": "117 RUE DE LA CONVENTION",
    "cp": 44100,
    "VILLE": "NANTES",
    "PAYS": "France"
  },
  {
    "cip": 2246777,
    "INTITULE_CLIENT": "PHARMACIE ANATOLE FRANCE",
    "MATRICE": "B",
    "GROUPEMENT": "",
    "adresse": "49 BOULEVARD DE VERDUN",
    "cp": 35000,
    "VILLE": "RENNES",
    "PAYS": "France"
  },
  {
    "cip": 2218844,
    "INTITULE_CLIENT": "PHARMACIE DENIS DUSSOUBS",
    "MATRICE": "B",
    "GROUPEMENT": "",
    "adresse": "30 RUE ADRIEN DUBOUCHE",
    "cp": 87000,
    "VILLE": "LIMOGES",
    "PAYS": "France"
  },
  {
    "cip": 2218556,
    "INTITULE_CLIENT": "PHARMACIE SEAUX POMMIER",
    "MATRICE": "B",
    "GROUPEMENT": "GIPHAR",
    "adresse": "PLACE DE BEAUBREUIL",
    "cp": 87280,
    "VILLE": "LIMOGES",
    "PAYS": "France"
  },
  {
    "cip": 2218231,
    "INTITULE_CLIENT": "PHARMACIE DE BESSINES",
    "MATRICE": "B",
    "GROUPEMENT": "",
    "adresse": "12 PLACE DE LA LIBERTE",
    "cp": 87250,
    "VILLE": "BESSINES SUR GARTEMPE",
    "PAYS": "France"
  },
  {
    "cip": 2217526,
    "INTITULE_CLIENT": "PHARMACIE DU MARCHE NOTRE DAME",
    "MATRICE": "B",
    "GROUPEMENT": "",
    "adresse": "2 RUE DU MARCHE NOTRE DAME",
    "cp": 86000,
    "VILLE": "POITIERS",
    "PAYS": "France"
  },
  {
    "cip": 2217437,
    "INTITULE_CLIENT": "PHARMACIE DE LA GIBAUDERIE",
    "MATRICE": "B",
    "GROUPEMENT": "",
    "adresse": "6 RUE DE LA ROCHEFOUCAULD",
    "cp": 86000,
    "VILLE": "POITIERS",
    "PAYS": "France"
  },
  {
    "cip": 2217306,
    "INTITULE_CLIENT": "PHARMACIE SAINT NICOLAS",
    "MATRICE": "B",
    "GROUPEMENT": "UNIVERS PHARMACIE",
    "adresse": "2 AVENUE DE PROVENCE",
    "cp": 86500,
    "VILLE": "MONTMORILLON",
    "PAYS": "France"
  },
  {
    "cip": 2217201,
    "INTITULE_CLIENT": "PHARMACIE AMAH",
    "MATRICE": "B",
    "GROUPEMENT": "",
    "adresse": "10 RUE DU QUAI",
    "cp": 86320,
    "VILLE": "LUSSAC LES CHATEAUX",
    "PAYS": "France"
  },
  {
    "cip": 2216873,
    "INTITULE_CLIENT": "GRANDE PHARMACIE DE BLOSSAC",
    "MATRICE": "B",
    "GROUPEMENT": "LAFAYETTE",
    "adresse": "53 55 BOULEVARD DE BLOSSAC",
    "cp": 86100,
    "VILLE": "CHATELLERAULT",
    "PAYS": "France"
  },
  {
    "cip": 2216779,
    "INTITULE_CLIENT": "PHARMACIE DES PORTES DU FUTUR",
    "MATRICE": "B",
    "GROUPEMENT": "",
    "adresse": "ROUTE NATIONALE 10",
    "cp": 86360,
    "VILLE": "CHASSENEUIL DU POITOU",
    "PAYS": "France"
  },
  {
    "cip": 2215932,
    "INTITULE_CLIENT": "PHARMACIE DU MOULIN ROUGE",
    "MATRICE": "B",
    "GROUPEMENT": "GIPHAR",
    "adresse": "130 RUE DU MOULIN ROUGE",
    "cp": 85000,
    "VILLE": "LA ROCHE SUR YON",
    "PAYS": "France"
  },
  {
    "cip": 2215115,
    "INTITULE_CLIENT": "PHARMACIE CLEMENCEAU",
    "MATRICE": "B",
    "GROUPEMENT": "LEADER SANTE",
    "adresse": "45 AVENUE GEORGES CLEMENCEAU",
    "cp": 85110,
    "VILLE": "CHANTONNAY",
    "PAYS": "France"
  },
  {
    "cip": 2207319,
    "INTITULE_CLIENT": "PHARMACIE MORIN ROULLEAU",
    "MATRICE": "B",
    "GROUPEMENT": "",
    "adresse": "15 RUE DU MARCHE",
    "cp": 79130,
    "VILLE": "SECONDIGNY",
    "PAYS": "France"
  },
  {
    "cip": 2207282,
    "INTITULE_CLIENT": "PHARMACIE CHARPENTIER",
    "MATRICE": "B",
    "GROUPEMENT": "COS",
    "adresse": "AVENUE EMILE ZOLA",
    "cp": 79100,
    "VILLE": "STE VERGE",
    "PAYS": "France"
  },
  {
    "cip": 2207125,
    "INTITULE_CLIENT": "PHARMACIE DES LOGES",
    "MATRICE": "B",
    "GROUPEMENT": "APRIUM / PARISPHARMA",
    "adresse": "BOULEVARD DE L EUROPE",
    "cp": 79200,
    "VILLE": "PARTHENAY",
    "PAYS": "France"
  },
  {
    "cip": 2206556,
    "INTITULE_CLIENT": "PHARMACIE DE CHATILLON",
    "MATRICE": "B",
    "GROUPEMENT": "",
    "adresse": "2 BOULEVARD DU THOUET",
    "cp": 79200,
    "VILLE": "CHATILLON SUR THOUET",
    "PAYS": "France"
  },
  {
    "cip": 2184009,
    "INTITULE_CLIENT": "PHARMACIE MEDICIS",
    "MATRICE": "B",
    "GROUPEMENT": "",
    "adresse": "LIEU DIT LA RATERIE",
    "cp": 72700,
    "VILLE": "ALLONNES",
    "PAYS": "France"
  },
  {
    "cip": 2183555,
    "INTITULE_CLIENT": "PHARMACIE DE NEUFCHATEL",
    "MATRICE": "B",
    "GROUPEMENT": "UNIVERS PHARMACIE",
    "adresse": "3 B RUE MARCEL GRAFFIN",
    "cp": 72600,
    "VILLE": "NEUFCHATEL EN SAOSNOIS",
    "PAYS": "France"
  },
  {
    "cip": 2183136,
    "INTITULE_CLIENT": "PHARMACIE CARNOT",
    "MATRICE": "B",
    "GROUPEMENT": "UNIVERS PHARMACIE",
    "adresse": "195 BOULEVARD CARNOT",
    "cp": 72000,
    "VILLE": "LE MANS",
    "PAYS": "France"
  },
  {
    "cip": 2182939,
    "INTITULE_CLIENT": "PHARMACIE MAILLIART",
    "MATRICE": "B",
    "GROUPEMENT": "",
    "adresse": "20 PLACE CARNOT",
    "cp": 72600,
    "VILLE": "MAMERS",
    "PAYS": "France"
  },
  {
    "cip": 2182703,
    "INTITULE_CLIENT": "PHARMACIE DE LA LIBERTE",
    "MATRICE": "B",
    "GROUPEMENT": "",
    "adresse": "5 RUE ALFRED MARCHAND",
    "cp": 72405,
    "VILLE": "LA FERTE BERNARD CEDEX",
    "PAYS": "France"
  },
  {
    "cip": 2144830,
    "INTITULE_CLIENT": "PHARMACIE DU GOLFE",
    "MATRICE": "B",
    "GROUPEMENT": "",
    "adresse": "24 RUE DU GENERAL DE GAULLE",
    "cp": 56370,
    "VILLE": "SARZEAU",
    "PAYS": "France"
  },
  {
    "cip": 2144610,
    "INTITULE_CLIENT": "PHARMACIE BERK",
    "MATRICE": "B",
    "GROUPEMENT": "",
    "adresse": "12 RUE DE VERDUN",
    "cp": 56170,
    "VILLE": "QUIBERON",
    "PAYS": "France"
  },
  {
    "cip": 2144495,
    "INTITULE_CLIENT": "PHARMACIE NAPOLEONVILLE",
    "MATRICE": "B",
    "GROUPEMENT": "",
    "adresse": "97 RUE NATIONALE",
    "cp": 56300,
    "VILLE": "PONTIVY",
    "PAYS": "France"
  },
  {
    "cip": 2144170,
    "INTITULE_CLIENT": "PHARMACIE DU CENTRE",
    "MATRICE": "B",
    "GROUPEMENT": "",
    "adresse": "70 AVENUE GENERAL DE GAULLE",
    "cp": 56890,
    "VILLE": "PLESCOP",
    "PAYS": "France"
  },
  {
    "cip": 2143554,
    "INTITULE_CLIENT": "PHARMACIE DE LANN GAZEC",
    "MATRICE": "B",
    "GROUPEMENT": "",
    "adresse": "5 AVENUE FRANCOIS MITTERRAND",
    "cp": 56600,
    "VILLE": "LANESTER",
    "PAYS": "France"
  },
  {
    "cip": 2139270,
    "INTITULE_CLIENT": "PHARMACIE DES ALIZES",
    "MATRICE": "B",
    "GROUPEMENT": "",
    "adresse": "PLACE SAINT MARTIN",
    "cp": 53950,
    "VILLE": "LOUVERNE",
    "PAYS": "France"
  },
  {
    "cip": 2139223,
    "INTITULE_CLIENT": "PHARMACIE DE LA GARE",
    "MATRICE": "B",
    "GROUPEMENT": "",
    "adresse": "67 AVENUE ROBERT BURON",
    "cp": 53000,
    "VILLE": "LAVAL",
    "PAYS": "France"
  },
  {
    "cip": 2134576,
    "INTITULE_CLIENT": "PHARMACIE DES ERABLES",
    "MATRICE": "B",
    "GROUPEMENT": "",
    "adresse": "PLACE PIERRE DE COUBERTIN",
    "cp": 49125,
    "VILLE": "TIERCE",
    "PAYS": "France"
  },
  {
    "cip": 2134340,
    "INTITULE_CLIENT": "PHARMACIE JAUNAIT",
    "MATRICE": "B",
    "GROUPEMENT": "",
    "adresse": "4 SQUARE DES MARRONNIERS",
    "cp": 49170,
    "VILLE": "ST MARTIN DU FOUILLOUX",
    "PAYS": "France"
  },
  {
    "cip": 2133724,
    "INTITULE_CLIENT": "PHARMACIE DU PARC",
    "MATRICE": "B",
    "GROUPEMENT": "",
    "adresse": "PLACE DE LA HALLE",
    "cp": 49360,
    "VILLE": "MAULEVRIER",
    "PAYS": "France"
  },
  {
    "cip": 2133305,
    "INTITULE_CLIENT": "PHARMACIE BERNARD PILARD",
    "MATRICE": "B",
    "GROUPEMENT": "",
    "adresse": "4 RUE DE L ANJOU",
    "cp": 49300,
    "VILLE": "CHOLET",
    "PAYS": "France"
  },
  {
    "cip": 2133258,
    "INTITULE_CLIENT": "PHARMACIE P K 3",
    "MATRICE": "B",
    "GROUPEMENT": "",
    "adresse": "AVENUE DES SABLES",
    "cp": 49300,
    "VILLE": "CHOLET",
    "PAYS": "France"
  },
  {
    "cip": 2128117,
    "INTITULE_CLIENT": "PHARMACIE GUILLEMET",
    "MATRICE": "B",
    "GROUPEMENT": "",
    "adresse": "7 BOULEVARD DE LINZ",
    "cp": 44210,
    "VILLE": "STE MARIE",
    "PAYS": "France"
  },
  {
    "cip": 2128101,
    "INTITULE_CLIENT": "PHARMACIE SAINT SEB BOULEVARD",
    "MATRICE": "B",
    "GROUPEMENT": "ELSIE",
    "adresse": "2 RUE PIERRE MENDES FRANCE",
    "cp": 44230,
    "VILLE": "ST SEBASTIEN SUR LOIRE",
    "PAYS": "France"
  },
  {
    "cip": 2127857,
    "INTITULE_CLIENT": "PHARMACIE DE THARON PLAGE",
    "MATRICE": "B",
    "GROUPEMENT": "GIPHAR",
    "adresse": "25 AVENUE ERNEST CHEVRIER",
    "cp": 44730,
    "VILLE": "THARON PLAGE",
    "PAYS": "France"
  },
  {
    "cip": 2126984,
    "INTITULE_CLIENT": "PHARMACIE DE L ATLANTIQUE",
    "MATRICE": "B",
    "GROUPEMENT": "PHARMACTIV",
    "adresse": "2 BOULEVARD CHARLES GAUTIER",
    "cp": 44800,
    "VILLE": "ST HERBLAIN",
    "PAYS": "France"
  },
  {
    "cip": 2126963,
    "INTITULE_CLIENT": "PHARMACIE DE L HOTEL DE VILLE",
    "MATRICE": "B",
    "GROUPEMENT": "GIPHAR",
    "adresse": "17 RUE DE L HOTEL DE VILLE",
    "cp": 44800,
    "VILLE": "ST HERBLAIN",
    "PAYS": "France"
  },
  {
    "cip": 2126570,
    "INTITULE_CLIENT": "PHARMACIE DU BRIVET",
    "MATRICE": "B",
    "GROUPEMENT": "",
    "adresse": "28 RUE MAURICE SAMBRON",
    "cp": 44160,
    "VILLE": "PONTCHATEAU",
    "PAYS": "France"
  },
  {
    "cip": 2126544,
    "INTITULE_CLIENT": "PHARMACIE NOBLET",
    "MATRICE": "B",
    "GROUPEMENT": "",
    "adresse": "1 RUE SAINTE CATHERINE",
    "cp": 44160,
    "VILLE": "PONTCHATEAU",
    "PAYS": "France"
  },
  {
    "cip": 2125870,
    "INTITULE_CLIENT": "PHARMACIE DELORME",
    "MATRICE": "B",
    "GROUPEMENT": "",
    "adresse": "2 PLACE DELORME",
    "cp": 44000,
    "VILLE": "NANTES",
    "PAYS": "France"
  },
  {
    "cip": 2125818,
    "INTITULE_CLIENT": "PHARMACIE TALENSAC",
    "MATRICE": "B",
    "GROUPEMENT": "",
    "adresse": "19 RUE DE BEL AIR",
    "cp": 44000,
    "VILLE": "NANTES",
    "PAYS": "France"
  },
  {
    "cip": 2125734,
    "INTITULE_CLIENT": "PHARMACIE GELLUSSEAU",
    "MATRICE": "B",
    "GROUPEMENT": "",
    "adresse": "16 BOULEVARD WINSTON CHURCHILL",
    "cp": 44100,
    "VILLE": "NANTES",
    "PAYS": "France"
  },
  {
    "cip": 2125713,
    "INTITULE_CLIENT": "PHARMACIE DE BRETAGNE",
    "MATRICE": "B",
    "GROUPEMENT": "",
    "adresse": "13 RUE DE BUDAPEST",
    "cp": 44000,
    "VILLE": "NANTES",
    "PAYS": "France"
  },
  {
    "cip": 2125708,
    "INTITULE_CLIENT": "PHARMACIE DE LA PLACE LECHAT",
    "MATRICE": "B",
    "GROUPEMENT": "",
    "adresse": "129 BOULEVARD SAINT AIGNAN",
    "cp": 44100,
    "VILLE": "NANTES",
    "PAYS": "France"
  },
  {
    "cip": 2125624,
    "INTITULE_CLIENT": "PHARMACIE BODIC",
    "MATRICE": "B",
    "GROUPEMENT": "",
    "adresse": "1 PLACE RENE BOUHIER",
    "cp": 44100,
    "VILLE": "NANTES",
    "PAYS": "France"
  },
  {
    "cip": 2125535,
    "INTITULE_CLIENT": "PHARMACIE PASQUIER",
    "MATRICE": "B",
    "GROUPEMENT": "PHARMACTIV",
    "adresse": "90 RUE DE LA BOURGEONNIERE",
    "cp": 44300,
    "VILLE": "NANTES",
    "PAYS": "France"
  },
  {
    "cip": 2125451,
    "INTITULE_CLIENT": "PHARMACIE LARDEUX ORAIN",
    "MATRICE": "B",
    "GROUPEMENT": "",
    "adresse": "37 RUE DE VERDUN",
    "cp": 44620,
    "VILLE": "LA MONTAGNE",
    "PAYS": "France"
  },
  {
    "cip": 2125179,
    "INTITULE_CLIENT": "PHARMACIE DE LA MONNERAYE",
    "MATRICE": "B",
    "GROUPEMENT": "GIPHAR",
    "adresse": "AVENUE DE LA MONNERAYE",
    "cp": 44410,
    "VILLE": "HERBIGNAC",
    "PAYS": "France"
  },
  {
    "cip": 2125048,
    "INTITULE_CLIENT": "PHARMACIE DE LA FORET",
    "MATRICE": "B",
    "GROUPEMENT": "",
    "adresse": "70 AVENUE DE LYON",
    "cp": 44500,
    "VILLE": "LA BAULE",
    "PAYS": "France"
  },
  {
    "cip": 2124919,
    "INTITULE_CLIENT": "PHARMACIE DES ECOLES DE COUERON",
    "MATRICE": "B",
    "GROUPEMENT": "",
    "adresse": "BOULEVARD PAUL LANGEVIN",
    "cp": 44220,
    "VILLE": "COUERON",
    "PAYS": "France"
  },
  {
    "cip": 2124730,
    "INTITULE_CLIENT": "PHARMACIE DE LA SABLIERE",
    "MATRICE": "B",
    "GROUPEMENT": "",
    "adresse": "LA SABLIERE",
    "cp": 44260,
    "VILLE": "LA CHAPELLE LAUNAY",
    "PAYS": "France"
  },
  {
    "cip": 2124531,
    "INTITULE_CLIENT": "PHARMACIE DES ECHOPPES",
    "MATRICE": "B",
    "GROUPEMENT": "",
    "adresse": "9 PLACE DES ECHOPPES",
    "cp": 44830,
    "VILLE": "BOUAYE",
    "PAYS": "France"
  },
  {
    "cip": 2113624,
    "INTITULE_CLIENT": "PHARMACIE DES HALLES",
    "MATRICE": "B",
    "GROUPEMENT": "",
    "adresse": "99 RUE DU DOCTEUR PATRY",
    "cp": 37800,
    "VILLE": "STE MAURE DE TOURAINE",
    "PAYS": "France"
  },
  {
    "cip": 2111171,
    "INTITULE_CLIENT": "PHARMACIE SALIOU",
    "MATRICE": "B",
    "GROUPEMENT": "",
    "adresse": "RUE DE LA FORET",
    "cp": 35235,
    "VILLE": "THORIGNE FOUILLARD",
    "PAYS": "France"
  },
  {
    "cip": 2111145,
    "INTITULE_CLIENT": "PHARMASENS",
    "MATRICE": "B",
    "GROUPEMENT": "",
    "adresse": "18 PLACE DE LA MAIRIE",
    "cp": 35490,
    "VILLE": "SENS DE BRETAGNE",
    "PAYS": "France"
  },
  {
    "cip": 2110911,
    "INTITULE_CLIENT": "PHIE CTRE CIAL DE LA DECOUVERTE",
    "MATRICE": "B",
    "GROUPEMENT": "",
    "adresse": "AVENUE DU GENERAL DE GAULLE",
    "cp": 35400,
    "VILLE": "ST MALO",
    "PAYS": "France"
  },
  {
    "cip": 2110885,
    "INTITULE_CLIENT": "PHARMACIE LIS DAUDEY",
    "MATRICE": "B",
    "GROUPEMENT": "",
    "adresse": "13 PLACE DE L EGLISE",
    "cp": 35430,
    "VILLE": "ST JOUAN DES GUERETS",
    "PAYS": "France"
  },
  {
    "cip": 2110639,
    "INTITULE_CLIENT": "PHARMACIE OBERTHUR",
    "MATRICE": "B",
    "GROUPEMENT": "PHARMACTIV",
    "adresse": "92 RUE DE PARIS",
    "cp": 35000,
    "VILLE": "RENNES",
    "PAYS": "France"
  },
  {
    "cip": 2110581,
    "INTITULE_CLIENT": "PHARMACIE DE LA VILAINE",
    "MATRICE": "B",
    "GROUPEMENT": "",
    "adresse": "84 RUE ALPHONSE GUERIN",
    "cp": 35000,
    "VILLE": "RENNES",
    "PAYS": "France"
  },
  {
    "cip": 2110487,
    "INTITULE_CLIENT": "PHARMACIE KERANGAL",
    "MATRICE": "B",
    "GROUPEMENT": "",
    "adresse": "50 BOULEVARD GEORGES CLEMENCEAU",
    "cp": 35200,
    "VILLE": "RENNES",
    "PAYS": "France"
  },
  {
    "cip": 2110382,
    "INTITULE_CLIENT": "PHARMACIE DESPONDS",
    "MATRICE": "B",
    "GROUPEMENT": "",
    "adresse": "30 AVENUE HENRI FREVILLE",
    "cp": 35200,
    "VILLE": "RENNES",
    "PAYS": "France"
  },
  {
    "cip": 2110136,
    "INTITULE_CLIENT": "PHARMACIE PONT DE CHATEAUDUN",
    "MATRICE": "B",
    "GROUPEMENT": "",
    "adresse": "1 RUE DE CHATEAUDUN",
    "cp": 35000,
    "VILLE": "RENNES",
    "PAYS": "France"
  },
  {
    "cip": 2110094,
    "INTITULE_CLIENT": "PHARMACIE DU GROS CHENE",
    "MATRICE": "B",
    "GROUPEMENT": "COS",
    "adresse": "18 PLACE DU GROS CHENE",
    "cp": 35700,
    "VILLE": "RENNES",
    "PAYS": "France"
  },
  {
    "cip": 2110010,
    "INTITULE_CLIENT": "PHARMACIE DE L ESTUAIRE",
    "MATRICE": "B",
    "GROUPEMENT": "",
    "adresse": "1 RUE BRINDEJONC DES MOULINAIS",
    "cp": 35730,
    "VILLE": "PLEURTUIT",
    "PAYS": "France"
  },
  {
    "cip": 2109890,
    "INTITULE_CLIENT": "PHARMACIE DELMASURE TEMPLE",
    "MATRICE": "B",
    "GROUPEMENT": "",
    "adresse": "20 PLACE SAINT MELAINE",
    "cp": 35740,
    "VILLE": "PACE",
    "PAYS": "France"
  },
  {
    "cip": 2109487,
    "INTITULE_CLIENT": "PHARMACIE DU PORT",
    "MATRICE": "B",
    "GROUPEMENT": "",
    "adresse": "35 AVENUE DU PORT",
    "cp": 35480,
    "VILLE": "GUIPRY",
    "PAYS": "France"
  },
  {
    "cip": 2109309,
    "INTITULE_CLIENT": "PHARMACIE DES ORIERES",
    "MATRICE": "B",
    "GROUPEMENT": "",
    "adresse": "1 RUE DES FRANCAIS LIBRES",
    "cp": 35300,
    "VILLE": "FOUGERES",
    "PAYS": "France"
  },
  {
    "cip": 2109288,
    "INTITULE_CLIENT": "PHARMACIE DE LA CROIX HAMON",
    "MATRICE": "B",
    "GROUPEMENT": "GIPHAR",
    "adresse": "BOULEVARD DE SAINT GERMAIN",
    "cp": 35300,
    "VILLE": "FOUGERES",
    "PAYS": "France"
  },
  {
    "cip": 2109073,
    "INTITULE_CLIENT": "PHARMACIE DE L HERMINE",
    "MATRICE": "B",
    "GROUPEMENT": "",
    "adresse": "15 PLACE ALBERT PARENT",
    "cp": 35270,
    "VILLE": "COMBOURG",
    "PAYS": "France"
  },
  {
    "cip": 2108986,
    "INTITULE_CLIENT": "PHARMACIE DES FOUGERETZ",
    "MATRICE": "B",
    "GROUPEMENT": "COS",
    "adresse": "12 RUE DES LONGRAIS",
    "cp": 35520,
    "VILLE": "LA CHAPELLE DES FOUGERETZ",
    "PAYS": "France"
  },
  {
    "cip": 2108881,
    "INTITULE_CLIENT": "PHARMACIE ROUSSEAU",
    "MATRICE": "B",
    "GROUPEMENT": "",
    "adresse": "4 AVENUE JULES TRICAULT",
    "cp": 35170,
    "VILLE": "BRUZ",
    "PAYS": "France"
  },
  {
    "cip": 2108682,
    "INTITULE_CLIENT": "PHARMACIE PAPET MORILLON",
    "MATRICE": "B",
    "GROUPEMENT": "",
    "adresse": "18 PLACE DE REPUBLIQUE",
    "cp": 35470,
    "VILLE": "BAIN DE BRETAGNE",
    "PAYS": "France"
  },
  {
    "cip": 2094958,
    "INTITULE_CLIENT": "PHARMACIE BERTHE CORBEL",
    "MATRICE": "B",
    "GROUPEMENT": "PHARMACTIV",
    "adresse": "2 AVENUE DE TY BOS",
    "cp": 29000,
    "VILLE": "QUIMPER",
    "PAYS": "France"
  },
  {
    "cip": 2094654,
    "INTITULE_CLIENT": "PHARMACIE DE PLOUIGNEAU",
    "MATRICE": "B",
    "GROUPEMENT": "",
    "adresse": "6 PLACE JEAN PIERRE COATANLEM",
    "cp": 29610,
    "VILLE": "PLOUIGNEAU",
    "PAYS": "France"
  },
  {
    "cip": 2094371,
    "INTITULE_CLIENT": "PHARMACIE DE PLOGONNEC",
    "MATRICE": "B",
    "GROUPEMENT": "",
    "adresse": "LIEU DIT BOUTEFELEC",
    "cp": 29180,
    "VILLE": "PLOGONNEC",
    "PAYS": "France"
  },
  {
    "cip": 2094324,
    "INTITULE_CLIENT": "PHARMACIE CENTRALE DE PLEUVEN",
    "MATRICE": "B",
    "GROUPEMENT": "",
    "adresse": "2 ROUTE DE QUIMPER",
    "cp": 29170,
    "VILLE": "PLEUVEN",
    "PAYS": "France"
  },
  {
    "cip": 2084672,
    "INTITULE_CLIENT": "PHARMACIE LE GALL",
    "MATRICE": "B",
    "GROUPEMENT": "",
    "adresse": "26 RUE THEODULE RIBOT",
    "cp": 22000,
    "VILLE": "ST BRIEUC",
    "PAYS": "France"
  },
  {
    "cip": 2083333,
    "INTITULE_CLIENT": "PHARMACIE LEDOYER",
    "MATRICE": "B",
    "GROUPEMENT": "",
    "adresse": "17 RUE CLEMENCEAU",
    "cp": 22430,
    "VILLE": "ERQUY",
    "PAYS": "France"
  },
  {
    "cip": 2079615,
    "INTITULE_CLIENT": "PHARMACIE DE LA COUBRE",
    "MATRICE": "B",
    "GROUPEMENT": "",
    "adresse": "31 BOULEVARD DES TREMIERES",
    "cp": 17570,
    "VILLE": "LES MATHES",
    "PAYS": "France"
  },
  {
    "cip": 2079416,
    "INTITULE_CLIENT": "PHARMACIE DE LA POSTE",
    "MATRICE": "B",
    "GROUPEMENT": "",
    "adresse": "85 RUE CARNOT",
    "cp": 17600,
    "VILLE": "SAUJON",
    "PAYS": "France"
  },
  {
    "cip": 2079217,
    "INTITULE_CLIENT": "PHARMACIE DE CORDOUAN",
    "MATRICE": "B",
    "GROUPEMENT": "",
    "adresse": "24 AVENUE DE LA REPUBLIQUE",
    "cp": 17420,
    "VILLE": "ST PALAIS SUR MER",
    "PAYS": "France"
  },
  {
    "cip": 2078810,
    "INTITULE_CLIENT": "PHARMACIE SAUTEL",
    "MATRICE": "B",
    "GROUPEMENT": "PHARMACTIV",
    "adresse": "26 BOULEVARD ANDRE SAUTEL",
    "cp": 17000,
    "VILLE": "LA ROCHELLE",
    "PAYS": "France"
  },
  {
    "cip": 2045497,
    "INTITULE_CLIENT": "PHARMACIE DE BEAUBREUIL",
    "MATRICE": "B",
    "GROUPEMENT": "",
    "adresse": "PLACE DE BEAUBREUIL",
    "cp": 87280,
    "VILLE": "LIMOGES",
    "PAYS": "France"
  },
  {
    "cip": 2045392,
    "INTITULE_CLIENT": "PHARMACIE DU PROGRES",
    "MATRICE": "B",
    "GROUPEMENT": "HPI TOTUM",
    "adresse": "44 BOULEVARD DE L HOTEL DE VILLE",
    "cp": 87500,
    "VILLE": "ST YRIEIX LA PERCHE",
    "PAYS": "France"
  },
  {
    "cip": 2045151,
    "INTITULE_CLIENT": "PHARMACIE PRINCIPALE",
    "MATRICE": "B",
    "GROUPEMENT": "LAFAYETTE",
    "adresse": "28 RUE DE LA REGRATTERIE",
    "cp": 86000,
    "VILLE": "POITIERS",
    "PAYS": "France"
  },
  {
    "cip": 2044619,
    "INTITULE_CLIENT": "PHARMACIE DU TERRE FORT",
    "MATRICE": "B",
    "GROUPEMENT": "PHARMACTIV",
    "adresse": "29 AVENUE DU TERRE FORT",
    "cp": 85270,
    "VILLE": "ST HILAIRE DE RIEZ",
    "PAYS": "France"
  },
  {
    "cip": 2044540,
    "INTITULE_CLIENT": "PHARMACIE DE L OCEAN",
    "MATRICE": "B",
    "GROUPEMENT": "GIPHAR",
    "adresse": "96 RUE DE L OCEAN",
    "cp": 85520,
    "VILLE": "JARD SUR MER",
    "PAYS": "France"
  },
  {
    "cip": 2044467,
    "INTITULE_CLIENT": "PHARMACIE DUBOIS",
    "MATRICE": "B",
    "GROUPEMENT": "LEADER SANTE",
    "adresse": "21 GRANDE RUE",
    "cp": 85330,
    "VILLE": "NOIRMOUTIER EN L ILE",
    "PAYS": "France"
  },
  {
    "cip": 2026081,
    "INTITULE_CLIENT": "PHARMACIE DES ARCADES",
    "MATRICE": "B",
    "GROUPEMENT": "COS",
    "adresse": "38 RUE NATIONALE",
    "cp": 56305,
    "VILLE": "PONTIVY CEDEX",
    "PAYS": "France"
  },
  {
    "cip": 2024189,
    "INTITULE_CLIENT": "PHARMACIE DES ACACIAS",
    "MATRICE": "B",
    "GROUPEMENT": "",
    "adresse": "30T AVENUE PIERRE MENDES FRANCE",
    "cp": 49240,
    "VILLE": "AVRILLE",
    "PAYS": "France"
  },
  {
    "cip": 2023227,
    "INTITULE_CLIENT": "PHARMACIE SAINT JACQUES",
    "MATRICE": "B",
    "GROUPEMENT": "GIPHAR",
    "adresse": "110 RUE SAINT JACQUES",
    "cp": 44200,
    "VILLE": "NANTES",
    "PAYS": "France"
  },
  {
    "cip": 2023007,
    "INTITULE_CLIENT": "PHARMACIE DU CORMIER",
    "MATRICE": "B",
    "GROUPEMENT": "",
    "adresse": "2 RUE DE LA PEPINIERE",
    "cp": 44880,
    "VILLE": "SAUTRON",
    "PAYS": "France"
  },
  {
    "cip": 2022993,
    "INTITULE_CLIENT": "2B PHARMACIE",
    "MATRICE": "B",
    "GROUPEMENT": "LEADER SANTE",
    "adresse": "111 AVENUE DU GENERAL DE GAULLE",
    "cp": 44500,
    "VILLE": "LA BAULE",
    "PAYS": "France"
  },
  {
    "cip": 2022836,
    "INTITULE_CLIENT": "PHARMACIE DE LA MARTELLIERE",
    "MATRICE": "B",
    "GROUPEMENT": "ELSIE / SELIA",
    "adresse": "19 AVENUE DE LA MARTELLIERE",
    "cp": 44230,
    "VILLE": "ST SEBASTIEN SUR LOIRE",
    "PAYS": "France"
  },
  {
    "cip": 2022794,
    "INTITULE_CLIENT": "PHARMACIE CAMBRONNE",
    "MATRICE": "B",
    "GROUPEMENT": "UNIVERS PHARMACIE",
    "adresse": "19 RUE MAURICE DANIEL",
    "cp": 44230,
    "VILLE": "ST SEBASTIEN SUR LOIRE",
    "PAYS": "France"
  },
  {
    "cip": 2022679,
    "INTITULE_CLIENT": "PHARMACIE OLIVEIRA",
    "MATRICE": "B",
    "GROUPEMENT": "",
    "adresse": "5 RUE DE NANTES",
    "cp": 44830,
    "VILLE": "BOUAYE",
    "PAYS": "France"
  },
  {
    "cip": 2022422,
    "INTITULE_CLIENT": "PHARMACIE DES ARCADES",
    "MATRICE": "B",
    "GROUPEMENT": "LEADER SANTE",
    "adresse": "2 PLACE DE LA PAIX",
    "cp": 44800,
    "VILLE": "ST HERBLAIN",
    "PAYS": "France"
  },
  {
    "cip": 2019671,
    "INTITULE_CLIENT": "PHARMACIE SAINT GERMAIN",
    "MATRICE": "B",
    "GROUPEMENT": "",
    "adresse": "2 RUE EDITH CAVELL",
    "cp": 35000,
    "VILLE": "RENNES",
    "PAYS": "France"
  },
  {
    "cip": 2019493,
    "INTITULE_CLIENT": "PHARMACIE CENTRALE SERVANNAISE",
    "MATRICE": "B",
    "GROUPEMENT": "",
    "adresse": "31 RUE VILLE PEPIN",
    "cp": 35400,
    "VILLE": "ST MALO",
    "PAYS": "France"
  },
  {
    "cip": 2019467,
    "INTITULE_CLIENT": "PHARMACIE DES ESTUAIRES",
    "MATRICE": "B",
    "GROUPEMENT": "",
    "adresse": "64 RUE CHARLES DE GAULLE",
    "cp": 35460,
    "VILLE": "ST ETIENNE EN COGLES",
    "PAYS": "France"
  },
  {
    "cip": 2019252,
    "INTITULE_CLIENT": "PHARMACIE VIKANE",
    "MATRICE": "B",
    "GROUPEMENT": "",
    "adresse": "32 RUE DE LA POTERIE",
    "cp": 35131,
    "VILLE": "CHARTRES DE BRETAGNE",
    "PAYS": "France"
  },
  {
    "cip": 2019163,
    "INTITULE_CLIENT": "PHARMACIE DE LA PLACE DES GATES",
    "MATRICE": "B",
    "GROUPEMENT": "",
    "adresse": "1 B PLACE DES GATES",
    "cp": 35410,
    "VILLE": "CHATEAUGIRON",
    "PAYS": "France"
  },
  {
    "cip": 2014247,
    "INTITULE_CLIENT": "PHARMACIE DU PETIT BAUD",
    "MATRICE": "B",
    "GROUPEMENT": "",
    "adresse": "6 AVENUE JORGE SEMPRUN",
    "cp": 35000,
    "VILLE": "RENNES",
    "PAYS": "France"
  },
  {
    "cip": 2014182,
    "INTITULE_CLIENT": "PHARMACIE DE BOURG DES COMPTES",
    "MATRICE": "B",
    "GROUPEMENT": "GIPHAR",
    "adresse": "1 RUE DU DOCTEUR RENE FRESNEAU",
    "cp": 35890,
    "VILLE": "BOURG DES COMPTES",
    "PAYS": "France"
  },
  {
    "cip": 2013596,
    "INTITULE_CLIENT": "PHARMACIE DE LA GALERIE",
    "MATRICE": "B",
    "GROUPEMENT": "LAFAYETTE",
    "adresse": "163 ROUTE DE BENODET",
    "cp": 29000,
    "VILLE": "QUIMPER",
    "PAYS": "France"
  },
  {
    "cip": 2013439,
    "INTITULE_CLIENT": "PHARMACIE DE CLOHARS",
    "MATRICE": "B",
    "GROUPEMENT": "",
    "adresse": "4 PLACE GENERAL DE GAULLE",
    "cp": 29360,
    "VILLE": "CLOHARS CARNOET",
    "PAYS": "France"
  },
  {
    "cip": 2009066,
    "INTITULE_CLIENT": "PHARMACIE DES TOURNESOLS",
    "MATRICE": "B",
    "GROUPEMENT": "",
    "adresse": "3 RUE DE L HOTEL DE VILLE",
    "cp": 17120,
    "VILLE": "COZES",
    "PAYS": "France"
  },
  {
    "cip": 2008869,
    "INTITULE_CLIENT": "PHARMACIE DES CLAIRES",
    "MATRICE": "B",
    "GROUPEMENT": "",
    "adresse": "2 AVENUE DES VIGNES",
    "cp": 17320,
    "VILLE": "ST JUST LUZAC",
    "PAYS": "France"
  },
  {
    "cip": 2008607,
    "INTITULE_CLIENT": "PHARMACIE DE COURCON",
    "MATRICE": "B",
    "GROUPEMENT": "",
    "adresse": "4 PLACE DU MARCHE",
    "cp": 17170,
    "VILLE": "COURCON",
    "PAYS": "France"
  },
  {
    "cip": 2008240,
    "INTITULE_CLIENT": "PHARMACIE DES MONTAGNES",
    "MATRICE": "B",
    "GROUPEMENT": "LAFAYETTE",
    "adresse": "RUE DE L AUVENT",
    "cp": 16430,
    "VILLE": "CHAMPNIERS",
    "PAYS": "France"
  },
  {
    "cip": 2006792,
    "INTITULE_CLIENT": "PHARMACIE NGUYEN",
    "MATRICE": "B",
    "GROUPEMENT": "",
    "adresse": "40 RUE JULES LALLEMAND",
    "cp": 35000,
    "VILLE": "RENNES",
    "PAYS": "France"
  },
  {
    "cip": 2006706,
    "INTITULE_CLIENT": "PHARMACIE BERTRAND RIOU",
    "MATRICE": "B",
    "GROUPEMENT": "",
    "adresse": "10 PLACE DU DOCTEUR JOLY",
    "cp": 35170,
    "VILLE": "BRUZ",
    "PAYS": "France"
  },
  {
    "cip": 2006621,
    "INTITULE_CLIENT": "PHARMACIE DE SAINT MARTIN",
    "MATRICE": "B",
    "GROUPEMENT": "",
    "adresse": "18 PLACE DU CHAMP DE FOIRE",
    "cp": 22400,
    "VILLE": "LAMBALLE",
    "PAYS": "France"
  },
  {
    "cip": 2006321,
    "INTITULE_CLIENT": "PHARMACIE AR PONT",
    "MATRICE": "B",
    "GROUPEMENT": "",
    "adresse": "2 PLACE DU 8 MAI 1945",
    "cp": 29790,
    "VILLE": "PONT CROIX",
    "PAYS": "France"
  },
  {
    "cip": 2006252,
    "INTITULE_CLIENT": "GRANDE PHARMACIE THOUARE CENTRE",
    "MATRICE": "B",
    "GROUPEMENT": "COS",
    "adresse": "21 RUE DE MAUVES",
    "cp": 44470,
    "VILLE": "THOUARE SUR LOIRE",
    "PAYS": "France"
  },
  {
    "cip": 2005740,
    "INTITULE_CLIENT": "PHARMACIE DES FONTAINES",
    "MATRICE": "B",
    "GROUPEMENT": "",
    "adresse": "24 RUE DES FONTAINES",
    "cp": 22290,
    "VILLE": "LANVOLLON",
    "PAYS": "France"
  },
  {
    "cip": 2005268,
    "INTITULE_CLIENT": "PHARMACIE DU PAYS D AUBIGNE",
    "MATRICE": "B",
    "GROUPEMENT": "",
    "adresse": "3 PLACE SIMONE VEIL",
    "cp": 35250,
    "VILLE": "ST AUBIN D AUBIGNE",
    "PAYS": "France"
  },
  {
    "cip": 2005105,
    "INTITULE_CLIENT": "PHARMACIE LA HAINAUD",
    "MATRICE": "B",
    "GROUPEMENT": "",
    "adresse": "31 33 ROUTE DE LAVAL",
    "cp": 53500,
    "VILLE": "ERNEE",
    "PAYS": "France"
  },
  {
    "cip": 2004346,
    "INTITULE_CLIENT": "PHARMACIE MIDY",
    "MATRICE": "B",
    "GROUPEMENT": "",
    "adresse": "3 RUE EUGENE DELACROIX",
    "cp": 36200,
    "VILLE": "ARGENTON SUR CREUSE",
    "PAYS": "France"
  },
  {
    "cip": 2003761,
    "INTITULE_CLIENT": "PHARMACIE FIOLLEA SANTE SERVICES",
    "MATRICE": "B",
    "GROUPEMENT": "",
    "adresse": "15 RUE DE LA DIVATTE",
    "cp": 44430,
    "VILLE": "LE LOROUX BOTTEREAU",
    "PAYS": "France"
  },
  {
    "cip": 2003304,
    "INTITULE_CLIENT": "PHARMACIE DE PUILBOREAU",
    "MATRICE": "B",
    "GROUPEMENT": "",
    "adresse": "18 RUE DE LA ROCHELLE",
    "cp": 17138,
    "VILLE": "PUILBOREAU",
    "PAYS": "France"
  },
  {
    "cip": 2002724,
    "INTITULE_CLIENT": "PHARMACIE MARINE",
    "MATRICE": "B",
    "GROUPEMENT": "",
    "adresse": "ROUTE DU MANS",
    "cp": 72220,
    "VILLE": "ECOMMOY",
    "PAYS": "France"
  },
  {
    "cip": 2002483,
    "INTITULE_CLIENT": "PHARMACIE SARAH BERNHARDT",
    "MATRICE": "B",
    "GROUPEMENT": "PHARMACTIV",
    "adresse": "8 RUE DU CHASSEUR 8",
    "cp": 35200,
    "VILLE": "RENNES",
    "PAYS": "France"
  },
  {
    "cip": 2001526,
    "INTITULE_CLIENT": "PHARMACIE ATLANTIQUE",
    "MATRICE": "B",
    "GROUPEMENT": "",
    "adresse": "ROUTE DE CHALLANS",
    "cp": 85160,
    "VILLE": "ST JEAN DE MONTS",
    "PAYS": "France"
  },
  {
    "cip": 2001490,
    "INTITULE_CLIENT": "PHARMACIE DES MARAIS",
    "MATRICE": "B",
    "GROUPEMENT": "PHARMACTIV",
    "adresse": "39 BOULEVARD DE LA GARE",
    "cp": 44410,
    "VILLE": "LA CHAPELLE DES MARAIS",
    "PAYS": "France"
  },
  {
    "cip": 2001459,
    "INTITULE_CLIENT": "PHARMACIE DU CONFLUENT",
    "MATRICE": "B",
    "GROUPEMENT": "COS",
    "adresse": "18 RUE DE LA GARE",
    "cp": 44400,
    "VILLE": "REZE",
    "PAYS": "France"
  },
  {
    "cip": 2001042,
    "INTITULE_CLIENT": "PHARMACIE DE MAUREPAS",
    "MATRICE": "B",
    "GROUPEMENT": "",
    "adresse": "175 RUE DE FOUGERES",
    "cp": 35700,
    "VILLE": "RENNES",
    "PAYS": "France"
  },
  {
    "cip": 2000804,
    "INTITULE_CLIENT": "PHARMACIE LABARRE",
    "MATRICE": "B",
    "GROUPEMENT": "",
    "adresse": "44 B ROUTE DE LA MEYZE",
    "cp": 87800,
    "VILLE": "NEXON",
    "PAYS": "France"
  },
  {
    "cip": 2000151,
    "INTITULE_CLIENT": "PHARMACIE DES CHAMPS",
    "MATRICE": "B",
    "GROUPEMENT": "",
    "adresse": "2 IMPASSE DU PUITS MOREAU",
    "cp": 49370,
    "VILLE": "BECON LES GRANITS",
    "PAYS": "France"
  },
  {
    "cip": 2000104,
    "INTITULE_CLIENT": "PHARMACIE DU GRAND PALAIS",
    "MATRICE": "B",
    "GROUPEMENT": "PHARMACTIV",
    "adresse": "20 RUE DE NANTES",
    "cp": 85300,
    "VILLE": "CHALLANS",
    "PAYS": "France"
  }
]